Seq,Name,m_Name,RAJ2000,DEJ2000,Sp,Mass,e_Mass,Rad,e_Rad,logg,e_logg,Teff,e_Teff,Remark,SimbadName
1,V421 Peg,p,00 07 02.00,+22 50 40.03,F1V,1.5940,0.0290,1.5840,0.0280,4.241,0.017,7250,80,*,V421 Peg
2,V421 Peg,s,00 07 02.00,+22 50 40.03,F2V,1.3560,0.0290,1.3280,0.0290,4.324,0.021,6980,120,*,V421 Peg
3,V342 And B,p,00 10 03.68,+46 23 25.80,,1.2700,0.0100,1.2100,0.0100,4.377,0.008,6395,,*,HD 556B
4,V342 And B,s,00 10 03.68,+46 23 25.80,,1.2800,0.0100,1.2500,0.0100,4.352,0.008,6200,30,*,HD 556B
5,DV Psc,p,00 13 09.20,+05 35 43.06,K4V,0.6770,0.0190,0.6850,0.0300,4.598,0.040,4450,8,**,DV Psc
6,DV Psc,s,00 13 09.20,+05 35 43.06,M1V,0.4750,0.0100,0.5140,0.0200,4.693,0.035,3614,8,**,DV Psc
7,MU Cas,p,00 15 51.56,+60 25 53.64,B5V,4.6570,0.1000,4.1920,0.0500,3.862,0.014,14750,500,*,MU Cas
8,MU Cas,s,00 15 51.56,+60 25 53.64,B5V,4.5750,0.0900,3.6710,0.0400,3.969,0.013,15100,500,*,MU Cas
9,GSC 4019 3345,p,00 22 45.37,+62 20 05.50,A4V,1.9200,0.0100,1.7600,0.0500,4.231,0.025,8600,310,*,TYC 4019-3345-1
10,GSC 4019 3345,s,00 22 45.37,+62 20 05.50,A4V,1.9200,0.0100,1.7600,0.0500,4.231,0.025,8600,570,*,TYC 4019-3345-1
11,NGC 104 WSB V69,p,00 22 52.95,-72 03 40.68,G,0.8760,0.0050,1.3160,0.0050,4.142,0.004,5945,150,GLB,Cl* NGC 104 WSB V69
12,NGC 104 WSB V69,s,00 22 52.95,-72 03 40.68,G,0.8590,0.0060,1.1630,0.0060,4.241,0.005,5959,150,GLB,Cl* NGC 104 WSB V69
13,YZ Cas,p,00 45 39.08,+74 59 17.06,A2m,2.2630,0.0120,2.5250,0.0110,3.989,0.004,9520,120,*,YZ Cas
14,YZ Cas,s,00 45 39.08,+74 59 17.06,F2V,1.3250,0.0070,1.3310,0.0060,4.312,0.005,6880,240,*,YZ Cas
15,NGC188 KR V12,p,00 52 37.54,+85 10 34.65,G,1.1020,0.0070,1.4250,0.0190,4.173,0.012,5900,100,*,Cl* NGC 188 KS V12
16,NGC188 KR V12,s,00 52 37.54,+85 10 34.65,G,1.0800,0.0070,1.3740,0.0190,4.196,0.012,5875,100,*,Cl* NGC 188 KS V12
17,V364 Cas,p,00 52 43.01,+50 28 10.16,A7V,1.6840,0.1070,1.9700,0.0100,4.076,0.028,7816,86,***,V364 Cas
18,V364 Cas,s,00 52 43.01,+50 28 10.16,A7V,1.5590,0.1010,2.3290,0.0100,3.897,0.028,7780,86,***,V364 Cas
19,CD-80 28,p,01 05 38.20,-80 03 40.66,K2,1.4150,0.0510,2.0200,0.2900,3.978,0.126,6156,176,***,CD-80 28
20,CD-80 28,s,01 05 38.20,-80 03 40.66,K2,1.4670,0.0290,5.2700,0.1600,3.161,0.028,4889,98,2,CD-80 28
21,zet Phe,p,01 08 23.08,-55 14 44.74,B6V,3.9220,0.0450,2.8530,0.0200,4.121,0.008,14550,350,*,zet Phe
22,zet Phe,s,01 08 23.08,-55 14 44.74,B8V,2.5450,0.0260,1.8540,0.0200,4.308,0.010,11910,200,*,zet Phe
23,AI Phe,p,01 09 34.19,-46 15 56.09,F7V,1.1970,0.0040,1.8350,0.0140,3.989,0.007,6310,150,2,AI Phe
24,AI Phe,s,01 09 34.19,-46 15 56.09,K0IV,1.2470,0.0040,2.9120,0.0140,3.606,0.004,5010,120,2,AI Phe
25,CO And,p,01 11 24.83,+46 57 49.34,F8V,1.2890,0.0070,1.7270,0.0210,4.074,0.011,6140,130,*,CO And
26,CO And,s,01 11 24.83,+46 57 49.34,F8V,1.2640,0.0070,1.6940,0.0170,4.082,0.009,6170,130,*,CO And
27,V459 Cas,p,01 11 29.92,+61 08 47.96,A1V,2.0150,0.0300,2.0100,0.0130,4.136,0.009,9140,300,*,V459 Cas
28,V459 Cas,s,01 11 29.92,+61 08 47.96,A1V,1.9620,0.0300,1.9660,0.0130,4.144,0.009,9100,300,*,V459 Cas
29,2MASS J01132817-3821024,p,01 13 28.17,-38 21 02.50,M1V,0.6130,0.0300,0.5960,0.0200,4.675,0.036,3750,250,**,2MASS J01132817-3821024
30,2MASS J01132817-3821024,s,01 13 28.17,-38 21 02.50,M3V,0.4450,0.0190,0.4450,0.0240,4.790,0.050,3085,300,**,2MASS J01132817-3821024
31,UV Psc,p,01 16 55.12,+06 48 42.12,G5V,0.9830,0.0090,1.1170,0.0200,4.335,0.016,5780,100,*,UV Psc
32,UV Psc,s,01 16 55.12,+06 48 42.12,K3V,0.7640,0.0050,0.8350,0.0300,4.478,0.031,4750,80,**,UV Psc
33,2MASS J01542930+0053266,p,01 54 29.31,+00 53 26.60,M0V,0.5150,0.0230,0.6010,0.0780,4.592,0.114,3800,,2,2MASS J01542930+0053266
34,2MASS J01542930+0053266,s,01 54 29.31,+00 53 26.60,M3V,0.5480,0.0250,0.5740,0.0870,4.659,0.133,3600,,1,2MASS J01542930+0053266
35,NSVS 06507557,p,01 58 23.87,+25 21 19.65,K9,0.6560,0.0860,0.6030,0.0300,4.695,0.071,3960,80,***,NSVS 06507557
36,NSVS 06507557,s,01 58 23.87,+25 21 19.65,M3,0.2790,0.0450,0.4450,0.0240,4.587,0.084,3365,80,1,NSVS 06507557
37,V615 Per,p,02 19 01.57,+57 07 19.30,B7V,4.0750,0.0550,2.2920,0.1410,4.328,0.054,15000,500,***,V615 Per
38,V615 Per,s,02 19 01.57,+57 07 19.30,B7V,3.1780,0.0510,1.9040,0.0940,4.381,0.043,11000,500,**,V615 Per
39,V618 Per,p,02 19 11.78,+57 06 41.10,A2V,2.3320,0.0310,1.6360,0.0690,4.379,0.037,11000,1000,**,V618 Per
40,V618 Per,s,02 19 11.78,+57 06 41.10,,1.5580,0.0250,1.3180,0.0690,4.391,0.046,8000,1000,**,V618 Per
41,V505 Per,p,02 21 12.96,+54 30 36.28,F5V,1.2720,0.0010,1.2880,0.0140,4.323,0.009,6512,21,*,V505 Per
42,V505 Per,s,02 21 12.96,+54 30 36.28,F5V,1.2540,0.0010,1.2670,0.0140,4.331,0.010,6462,12,*,V505 Per
43,DN Cas,p,02 23 11.53,+60 49 50.14,B0V,19.0400,0.0700,7.2200,0.0600,4.001,0.007,32100,1000,*,DN Cas
44,DN Cas,s,02 23 11.53,+60 49 50.14,B1V,13.7300,0.0500,5.7900,0.0600,4.051,0.009,28020,1100,*,DN Cas
45,AG Ari,p,02 26 26.96,+12 53 55.81,A0V,2.1640,0.0700,2.2320,0.0230,4.076,0.017,10300,250,**,AG Ari
46,AG Ari,s,02 26 26.96,+12 53 55.81,A0V,2.1480,0.0700,2.0740,0.0220,4.137,0.017,9800,230,**,AG Ari
47,XY Cet,p,02 59 33.53,+03 31 03.27,A5V,1.7730,0.0160,1.8760,0.0350,4.141,0.017,7870,115,*,XY Cet
48,XY Cet,s,02 59 33.53,+03 31 03.27,A7V,1.6150,0.0140,1.7760,0.0290,4.148,0.015,7620,125,*,XY Cet
49,V881 Per,p,02 59 53.12,+38 01 48.26,K0IV,0.9120,0.0390,0.9750,0.0200,4.420,0.026,5200,,**,V881 Per
50,V881 Per,s,02 59 53.12,+38 01 48.26,K0IV,0.7480,0.0350,0.7080,0.0180,4.612,0.030,4330,25,**,V881 Per
51,CW Eri,p,03 03 59.95,-17 44 16.06,F1V,1.5830,0.0200,2.0930,0.0500,3.996,0.021,6840,86,*,CW Eri
52,CW Eri,s,03 03 59.95,-17 44 16.06,F4V,1.3270,0.0100,1.5690,0.0700,4.170,0.039,6561,100,**,CW Eri
53,V799 Cas,p,03 05 27.54,+61 39 17.69,B8V,3.0810,0.4000,3.2310,0.1400,3.908,0.068,11550,14,***,V799 Cas
54,V799 Cas,s,03 05 27.54,+61 39 17.69,B8.5V,2.9700,0.4000,3.2010,0.1400,3.901,0.070,11210,14,***,V799 Cas
55,AE For,p,03 08 06.66,-24 45 37.74,K7Ve,0.6314,0.0035,0.6700,0.0300,4.587,0.039,4100,,**,AE For
56,AE For,s,03 08 06.66,-24 45 37.74,K7Ve,0.6197,0.0034,0.6300,0.0300,4.632,0.041,4055,6,**,AE For
57,V570 Per,p,03 09 34.94,+48 37 28.70,F3V,1.4250,0.0060,1.4940,0.1100,4.243,0.064,6842,25,***,V570 Per
58,V570 Per,s,03 09 34.94,+48 37 28.70,F5V,1.3280,0.0060,1.3540,0.1100,4.298,0.071,6580,70,***,V570 Per
59,IM Per,p,03 11 42.31,+52 12 42.20,A7,1.7831,0.0094,2.4090,0.0180,3.926,0.007,7580,150,*,IM Per
60,IM Per,s,03 11 42.31,+52 12 42.20,A7,1.7741,0.0097,2.3660,0.0170,3.939,0.007,7570,160,*,IM Per
61,TV Cet,p,03 14 36.51,+02 45 16.40,F2V,1.3850,0.0520,1.4840,0.0200,4.237,0.020,6902,150,**,TV Cet
62,TV Cet,s,03 14 36.51,+02 45 16.40,F5V,1.2650,0.0510,1.2210,0.0100,4.367,0.019,6575,150,**,TV Cet
63,TZ For,p,03 14 40.09,-35 33 27.60,F7 III,1.9450,0.0300,3.9740,0.0900,3.529,0.021,6350,100,*,TZ For
64,TZ For,s,03 14 40.09,-35 33 27.60,G8III,2.0450,0.0600,8.3490,0.1200,2.906,0.018,5000,100,2,TZ For
65,SDSS-MEB-1,p,03 18 23.88,-01 00 18.40,M4V,0.2720,0.0200,0.2680,0.0090,5.017,0.043,3320,130,***,SDSS-MEB-1
66,SDSS-MEB-1,s,03 18 23.88,-01 00 18.40,M4V,0.2400,0.0220,0.2480,0.0080,5.030,0.049,3300,130,***,SDSS-MEB-1
67,MG1-78457,p,03 26 20.73,+03 12 36.29,M3V,0.5270,0.0020,0.5050,0.0080,4.754,0.014,3330,60,*,MOTESS-GNAT 78457
68,MG1-78457,s,03 26 20.73,+03 12 36.29,M4V,0.4910,0.0010,0.4710,0.0090,4.783,0.017,3270,60,*,MOTESS-GNAT 78457
69,GJ 3236,p,03 37 14.08,+69 10 49.79,M4V,0.3750,0.0160,0.3830,0.0060,4.846,0.023,3310,110,**,GJ 3236
70,GJ 3236,s,03 37 14.08,+69 10 49.79,M4V,0.2800,0.0150,0.2830,0.0040,4.982,0.026,3241,108,**,GJ 3236
71,EY Cep,p,03 40 04.07,+81 01 09.07,F0,1.5240,0.0080,1.4630,0.0100,4.291,0.006,7090,150,*,EY Cep
72,EY Cep,s,03 40 04.07,+81 01 09.07,F0,1.5000,0.0140,1.4680,0.0100,4.281,0.007,6970,150,*,EY Cep
73,V612 Tau,p,03 42 27.30,+22 34 24.88,M3,0.3019,0.0070,0.3410,0.0160,4.853,0.042,3230,100,**,V612 Tau
74,V612 Tau,s,03 42 27.30,+22 34 24.88,M3,0.2767,0.0068,0.3190,0.0130,4.873,0.037,3090,100,**,V612 Tau
75,EPIC 211075914,p,03 46 55.31,+24 11 16.90,M4.5,0.4100,0.1800,0.4600,0.1100,4.726,0.282,2970,,1,EPIC 211075914
76,EPIC 211075914,s,03 46 55.31,+24 11 16.90,M4.5,0.1720,0.0690,0.3210,0.0600,4.661,0.238,3000,,1,EPIC 211075914
77,V1229 Tau,p,03 47 29.45,+24 17 18.04,A0V,2.2030,0.0130,1.7270,0.0270,4.307,0.014,9950,,*,V1229 Tau
78,V1229 Tau,s,03 47 29.45,+24 17 18.04,Am,1.5488,0.0093,1.5030,0.0450,4.274,0.026,7281,9,*,V1229 Tau
79,V1130 Tau,p,03 50 41.94,+01 33 50.21,F0,1.3060,0.0080,1.4900,0.0100,4.208,0.006,6650,70,*,V1130 Tau
80,V1130 Tau,s,03 50 41.94,+01 33 50.21,F0,1.3920,0.0080,1.7840,0.0110,4.079,0.006,6625,70,*,V1130 Tau
81,IQ Per,p,03 59 44.68,+48 09 04.50,B7.5V,3.5130,0.0400,2.4650,0.0300,4.200,0.012,12300,200,*,IQ Per
82,IQ Per,s,03 59 44.68,+48 09 04.50,A6V,1.7330,0.0200,1.5090,0.0200,4.320,0.013,7670,100,*,IQ Per
83,CF Tau,p,04 05 10.13,+22 29 48.17,G0,1.2820,0.0090,2.7970,0.0110,3.653,0.005,5200,150,2,CF Tau
84,CF Tau,s,04 05 10.13,+22 29 48.17,G0,1.2520,0.0110,2.0480,0.0160,3.913,0.008,6000,150,2,CF Tau
85,AG Per,p,04 06 55.83,+33 26 46.93,B4V,4.4980,0.1340,3.0090,0.0700,4.135,0.024,18200,800,*,AG Per
86,AG Per,s,04 06 55.83,+33 26 46.93,B4V,4.0980,0.1090,2.6160,0.0700,4.216,0.026,17400,800,*,AG Per
87,SZ Cam,p,04 07 49.29,+62 19 58.58,O9IV,16.5900,0.6200,9.3600,0.0700,3.716,0.017,30408,240,**,SZ Cam
88,SZ Cam,s,04 07 49.29,+62 19 58.58,B0.5V,11.9500,0.7100,6.0000,0.0900,3.959,0.029,27319,300,**,SZ Cam
89,V1094 Tau,p,04 12 03.59,+21 56 50.55,G0,1.0965,0.0040,1.4109,0.0058,4.179,0.004,5850,100,*,V1094 Tau
90,V1094 Tau,s,04 12 03.59,+21 56 50.55,G0,1.0121,0.0028,1.1063,0.0066,4.356,0.005,5700,100,*,V1094 Tau
91,NP Per,p,04 14 57.76,+31 26 44.04,F5V,1.3207,0.0087,1.3720,0.0130,4.284,0.009,6420,90,*,NP Per
92,NP Per,s,04 14 57.76,+31 26 44.04,K5eV,1.0456,0.0046,1.2290,0.0130,4.279,0.009,4540,160,*,NP Per
93,V482 Per,p,04 15 41.32,+47 25 19.91,F2,1.5100,0.0500,2.3900,0.0400,3.861,0.020,6700,,**,V482 Per
94,V482 Per,s,04 15 41.32,+47 25 19.91,F45,1.2900,0.0500,1.4500,0.0400,4.226,0.029,6340,18,**,V482 Per
95,V818 Tau,p,04 17 38.94,+16 56 52.29,G6V,1.0470,0.1650,0.8980,0.1890,4.552,0.195,5470,,1,V818 Tau
96,V818 Tau,s,04 17 38.94,+16 56 52.29,K6V,0.7580,0.1080,0.7670,0.0990,4.548,0.128,3977,22,***,V818 Tau
97,WW Cam,p,04 31 25.28,+64 21 45.50,A4Vm,1.9200,0.0130,1.9130,0.0160,4.158,0.008,8360,140,*,WW Cam
98,WW Cam,s,04 31 25.28,+64 21 45.50,A4Vm,1.8730,0.0180,1.8100,0.0140,4.196,0.008,8240,140,*,WW Cam
99,2MASS J04463285+1901432,p,04 46 32.86,+19 01 43.20,M2.5V,0.4670,0.0500,0.5600,0.0200,4.611,0.056,3320,150,2,2MASS J04463285+1901432
100,2MASS J04463285+1901432,s,04 46 32.86,+19 01 43.20,M,0.1920,0.0200,0.2100,0.0100,5.077,0.061,2900,150,***,2MASS J04463285+1901432
101,MG1-116309,p,04 48 00.96,+03 17 48.09,K8V,0.5670,0.0020,0.5520,0.0080,4.708,0.013,3920,80,*,MOTESS-GNAT 116309
102,MG1-116309,s,04 48 00.96,+03 17 48.09,M0V,0.5320,0.0020,0.5320,0.0060,4.712,0.010,3810,80,*,MOTESS-GNAT 116309
103,TYC 4749-560-1,p,04 53 04.43,-07 00 23.47,K2,0.8340,0.0060,0.8480,0.0050,4.503,0.006,5340,200,*,TYC 4749-560-1
104,TYC 4749-560-1,s,04 53 04.43,-07 00 23.47,K4,0.8280,0.0060,0.8330,0.0050,4.515,0.006,5125,200,*,TYC 4749-560-1
105,HP Aur,p,05 10 21.78,+35 47 46.63,G2V,0.9543,0.0041,1.0278,0.0042,4.394,0.004,5810,120,*,HP Aur
106,HP Aur,s,05 10 21.78,+35 47 46.63,K1V,0.8094,0.0036,0.7758,0.0034,4.567,0.004,5160,120,*,HP Aur
107,V1236 Tau,p,05 16 28.81,+26 07 38.80,K7V,0.7880,0.0100,0.7660,0.0150,4.566,0.018,4200,200,*,V1236 Tau
108,V1236 Tau,s,05 16 28.81,+26 07 38.80,K7V,0.7710,0.0080,0.8030,0.0100,4.516,0.012,4133,250,*,V1236 Tau
109,CD Tau,p,05 17 31.15,+20 07 54.63,F6V,1.4410,0.0160,1.7980,0.0170,4.087,0.010,6200,50,*,CD Tau
110,CD Tau,s,05 17 31.15,+20 07 54.63,F6V,1.3660,0.0160,1.5840,0.0200,4.174,0.012,6200,50,*,CD Tau
111,AR Aur,p,05 18 18.90,+33 46 02.45,B9V,2.5435,0.0051,1.8237,0.0099,4.322,0.005,10950,300,*,AR Aur
112,AR Aur,s,05 18 18.90,+33 46 02.45,B9.6V,2.3567,0.0047,1.8108,0.0083,4.295,0.004,10350,300,*,AR Aur
113,EW Ori,p,05 20 09.15,+02 02 39.97,G0V,1.1730,0.0110,1.1690,0.0050,4.372,0.006,6070,95,*,EW Ori
114,EW Ori,s,05 20 09.15,+02 02 39.97,G5V,1.1230,0.0090,1.0980,0.0050,4.408,0.005,5900,95,*,EW Ori
115,2MASS J05282082+0338327,p,05 28 20.82,+03 38 32.80,K1V,1.3660,0.0110,1.8350,0.0100,4.047,0.006,5103,26,*,2MASS J05282082+0338327
116,2MASS J05282082+0338327,s,05 28 20.82,+03 38 32.80,K3V,1.3270,0.0080,1.7350,0.0100,4.083,0.006,4751,26,*,2MASS J05282082+0338327
117,AS Cam,p,05 29 46.91,+69 29 45.36,B8V,3.3120,0.1000,2.6170,0.0400,4.123,0.019,12000,600,**,AS Cam
118,AS Cam,s,05 29 46.91,+69 29 45.36,B9.5V,2.5080,0.1000,1.9930,0.0400,4.239,0.025,10700,520,**,AS Cam
119,UX Men,p,05 30 03.18,-76 14 55.34,F8V,1.2350,0.0060,1.3490,0.0130,4.270,0.009,6200,100,*,UX Men
120,UX Men,s,05 30 03.18,-76 14 55.34,F8V,1.1960,0.0070,1.2750,0.0130,4.305,0.009,6150,100,*,UX Men
121,TZ Men,p,05 30 13.89,-84 47 06.37,B9.5V,2.4820,0.0250,2.0170,0.0200,4.224,0.010,10400,500,*,TZ Men
122,TZ Men,s,05 30 13.89,-84 47 06.37,A,1.5000,0.0100,1.4330,0.0150,4.302,0.010,7200,300,*,TZ Men
123,V1174 Ori,p,05 34 27.85,-05 41 37.80,K4.5V,1.0100,0.0150,1.3470,0.0150,4.184,0.012,4470,120,*,V1174 Ori
124,V1174 Ori,s,05 34 27.85,-05 41 37.80,M1.5V,0.7310,0.0080,1.0710,0.0110,4.243,0.010,3615,100,2,V1174 Ori
125,V432 Aur,p,05 37 32.51,+37 05 12.26,F7V,1.0800,0.0160,2.4640,0.0200,3.688,0.010,6080,85,2,V432 Aur
126,V432 Aur,s,05 37 32.51,+37 05 12.26,F8V,1.2240,0.0160,1.2320,0.0060,4.345,0.007,6685,8,*,V432 Aur
127,GG Ori,p,05 43 10.22,+00 41 14.90,A2V,2.3420,0.0160,1.8520,0.0250,4.273,0.012,9950,200,*,GG Ori
128,GG Ori,s,05 43 10.22,+00 41 14.90,A2V,2.3370,0.0170,1.8300,0.0250,4.282,0.012,9950,200,*,GG Ori
129,HATS551-027,p,05 44 57.92,-24 56 09.60,M4/5.5V,0.2440,0.0030,0.2610,0.0090,4.992,0.030,3190,100,**,LP 837-20
130,HATS551-027,s,05 44 57.92,-24 56 09.60,M4/5.5V,0.1790,0.0020,0.2180,0.0110,5.014,0.044,2990,110,**,LP 837-20
131,V1031 Ori,p,05 47 26.89,-10 31 58.65,A6V,2.2810,0.0170,4.3490,0.0340,3.520,0.008,7850,500,*,V1031 Ori
132,V1031 Ori,s,05 47 26.89,-10 31 58.65,A3V,2.4670,0.0180,3.0060,0.0640,3.875,0.019,8400,500,*,V1031 Ori
133,beta Aur,p,05 59 31.72,+44 56 50.76,A1Vm,2.3690,0.0270,2.7620,0.0170,3.930,0.007,9350,200,*,beta Aur
134,beta Aur,s,05 59 31.72,+44 56 50.76,A1Vm,2.2950,0.0270,2.5680,0.0170,3.980,0.008,9200,200,*,beta Aur
135,V1388 Ori,p,06 10 59.17,+11 59 41.49,B2.5IV-V,7.4210,0.0800,5.6040,0.0400,3.812,0.008,20500,500,*,V1388 Ori
136,V1388 Ori,s,06 10 59.17,+11 59 41.49,B3V,5.1560,0.0300,3.7630,0.0300,4.000,0.007,18500,500,*,V1388 Ori
137,FT Ori,p,06 13 58.15,+21 25 39.18,A0,2.1680,0.0220,1.8710,0.0130,4.230,0.007,9600,400,*,FT Ori
138,FT Ori,s,06 13 58.15,+21 25 39.18,A2,1.7730,0.0200,1.6260,0.0130,4.265,0.008,8600,300,*,FT Ori
139,V404 CMa,p,06 15 55.42,-18 44 51.54,K,0.7500,0.0050,0.7210,0.0140,4.598,0.017,4200,100,*,V404 CMa
140,V404 CMa,s,06 15 55.42,-18 44 51.54,M,0.6590,0.0050,0.6820,0.0170,4.590,0.022,3940,20,*,V404 CMa
141,IM Mon,p,06 23 01.47,-03 16 37.11,B4V,5.5060,0.2400,3.1510,0.0400,4.182,0.022,17500,350,**,IM Mon
142,IM Mon,s,06 23 01.47,-03 16 37.11,B6.5V,3.3380,0.1610,2.3610,0.0300,4.216,0.024,14500,550,**,IM Mon
143,RR Lyn,p,06 26 25.84,+56 17 06.35,A6IV,1.9310,0.0080,2.5570,0.0200,3.909,0.007,7570,100,*,RR Lyn
144,RR Lyn,s,06 26 25.84,+56 17 06.35,F0V,1.5170,0.0040,1.5820,0.0300,4.221,0.017,6980,100,*,RR Lyn
145,KL CMa,p,06 30 29.79,-14 57 15.73,B8V,3.5500,0.2700,2.3700,0.0900,4.239,0.047,13200,100,***,KL CMa
146,KL CMa,s,06 30 29.79,-14 57 15.73,B9V,2.9500,0.2400,1.7000,0.1000,4.447,0.062,12250,600,***,KL CMa
147,V578 Mon,p,06 32 00.61,+04 52 40.90,B1V,14.5400,0.0800,5.4100,0.0400,4.135,0.007,30000,500,*,V578 Mon
148,V578 Mon,s,06 32 00.61,+04 52 40.90,B,10.2900,0.0600,4.2900,0.0500,4.186,0.010,25750,435,*,V578 Mon
149,WW Aur,p,06 32 27.18,+32 27 17.63,A4m,1.9640,0.0070,1.9280,0.0110,4.161,0.005,7960,420,*,WW Aur
150,WW Aur,s,06 32 27.18,+32 27 17.63,A5m,1.8140,0.0070,1.8420,0.0110,4.166,0.005,7670,410,*,WW Aur
151,V501 Mon,p,06 40 41.72,-01 06 40.00,A6m,1.6455,0.0043,1.8880,0.0290,4.103,0.013,7510,100,*,V501 Mon
152,V501 Mon,s,06 40 41.72,-01 06 40.00,F0,1.4588,0.0025,1.5920,0.0280,4.198,0.015,7000,90,*,V501 Mon
153,SV Cam,p,06 41 19.07,+82 16 02.42,F5V,1.5750,0.0640,1.4700,0.0530,4.301,0.036,6038,58,**,SV Cam
154,SV Cam,s,06 41 19.07,+82 16 02.42,K4V,0.9340,0.0640,1.0010,0.0640,4.408,0.063,4804,143,***,SV Cam
155,GX Gem,p,06 46 09.13,+34 24 52.83,F7V,1.4880,0.0110,2.3340,0.0120,3.875,0.006,6194,100,*,GX Gem
156,GX Gem,s,06 46 09.13,+34 24 52.83,F7V,1.4670,0.0100,2.2440,0.0120,3.903,0.006,6166,100,*,GX Gem
157,CoRoT 102932176,p,06 49 11.00,-01 59 30.00,F0V,1.5800,0.1800,1.6300,0.0500,4.213,0.056,7300,50,***,CoRoT 102932176
158,CoRoT 102932176,s,06 49 11.00,-01 59 30.00,K4V,0.6400,0.0800,0.7300,0.0200,4.518,0.059,4547,80,***,CoRoT 102932176
159,HS Aur,p,06 51 18.47,+47 40 24.16,G8V,0.8980,0.0190,1.0050,0.0230,4.387,0.022,5350,70,*,HS Aur
160,HS Aur,s,06 51 18.47,+47 40 24.16,K0V,0.8770,0.0170,0.8740,0.0300,4.498,0.031,5200,72,**,HS Aur
161,HI Mon,p,06 55 49.07,-04 02 35.79,B0V,11.4260,0.2410,4.7750,0.1020,4.138,0.021,30000,500,*,HI Mon
162,HI Mon,s,06 55 49.07,-04 02 35.79,B0.5V,9.8640,0.1620,4.6450,0.0650,4.098,0.014,29000,500,*,HI Mon
163,LT CMa,p,07 04 02.62,-12 17 17.37,B4V,5.5910,0.2000,3.6000,0.0700,4.073,0.023,17000,500,**,LT CMa
164,LT CMa,s,07 04 02.62,-12 17 17.37,B6.5V,3.3640,0.1400,2.0460,0.0500,4.343,0.028,13140,800,**,LT CMa
165,SW CMa,p,07 08 15.24,-22 26 25.26,A4,2.2400,0.0140,3.0150,0.0200,3.830,0.006,8200,150,*,SW CMa
166,SW CMa,s,07 08 15.24,-22 26 25.26,A5,2.1050,0.0180,2.4960,0.0420,3.967,0.015,8100,150,*,SW CMa
167,HW CMa,p,07 08 21.86,-22 24 29.87,A6,1.7190,0.0110,1.6490,0.0180,4.239,0.010,7560,150,*,HW CMa
168,HW CMa,s,07 08 21.86,-22 24 29.87,A6,1.7790,0.0120,1.6680,0.0210,4.244,0.011,7700,150,*,HW CMa
169,GZ CMa,p,07 16 19.21,-16 43 00.10,A3Vm,2.2010,0.0250,2.4900,0.0300,3.989,0.012,8810,350,*,GZ CMa
170,GZ CMa,s,07 16 19.21,-16 43 00.10,A4 V,2.0010,0.0250,2.1300,0.0400,4.083,0.017,8531,340,*,GZ CMa
171,FS Mon,p,07 24 42.30,-05 09 14.57,F2V,1.6320,0.0120,2.0610,0.0120,4.023,0.006,6715,100,*,FS Mon
172,FS Mon,s,07 24 42.30,-05 09 14.57,F4V,1.4620,0.0100,1.6370,0.0120,4.175,0.007,6550,100,*,FS Mon
173,YY Gem,p,07 34 37.41,+31 52 09.79,M1Ve,0.5980,0.0050,0.6210,0.0060,4.629,0.009,3820,100,*,YY Gem
174,YY Gem,s,07 34 37.41,+31 52 09.79,M1Ve,0.6010,0.0050,0.6050,0.0060,4.654,0.009,3820,100,*,YY Gem
175,MG1-506664,p,07 43 11.57,+03 16 22.09,M1V,0.5840,0.0020,0.5590,0.0020,4.710,0.003,3730,90,*,MOTESS-GNAT 506664
176,MG1-506664,s,07 43 11.57,+03 16 22.09,M2V,0.5440,0.0020,0.5120,0.0040,4.755,0.007,3610,90,*,MOTESS-GNAT 506664
177,PV Pup,p,07 45 28.73,-14 41 10.20,A0V,1.5390,0.0120,1.5360,0.0160,4.253,0.010,6920,300,*,PV Pup
178,PV Pup,s,07 45 28.73,-14 41 10.20,A2V,1.5270,0.0140,1.4930,0.0160,4.274,0.010,6930,300,*,PV Pup
179,MW Pup,p,07 56 01.70,-44 54 46.62,A3V,2.2000,0.0600,1.8400,0.0300,4.251,0.018,8502,200,*,MW Pup
180,MW Pup,s,07 56 01.70,-44 54 46.62,A3V,1.8800,0.0700,1.7200,0.0300,4.241,0.022,8026,222,**,MW Pup
181,V392 Car,p,07 58 10.48,-60 51 57.20,A2V,1.9000,0.0240,1.6240,0.0300,4.296,0.017,8850,200,*,V392 Car
182,V392 Car,s,07 58 10.48,-60 51 57.20,A2V,1.8530,0.0240,1.6000,0.0310,4.298,0.018,8650,200,*,V392 Car
183,CN Lyn,p,08 01 37.20,+38 44 58.40,F3V,1.0380,0.0200,1.7990,0.2100,3.944,0.102,6500,250,2,CN Lyn
184,CN Lyn,s,08 01 37.20,+38 44 58.40,F4V,1.0380,0.0200,1.8390,0.2400,3.925,0.114,6455,260,2,CN Lyn
185,AI Hya,p,08 18 47.46,+00 17 00.16,F0IV,1.9740,0.0400,2.7640,0.0200,3.851,0.011,7100,60,*,AI Hya
186,AI Hya,s,08 18 47.46,+00 17 00.16,F2III-IV,2.1400,0.0400,3.9120,0.0300,3.584,0.011,6700,60,*,AI Hya
187,NSVS 07394765,p,08 25 51.30,+24 27 05.10,M2V,0.3600,0.0050,0.4630,0.0040,4.663,0.010,3300,200,2,NSVS 07394765
188,NSVS 07394765,s,08 25 51.30,+24 27 05.10,M4V,0.1800,0.0040,0.4960,0.0050,4.303,0.013,3106,125,2,NSVS 07394765
189,ASAS-08,p,08 25 51.60,-16 22 47.30,K,0.7030,0.0030,0.6940,0.0090,4.603,0.011,4350,200,*,ASAS J082552-1622.8
190,ASAS-08,s,08 25 51.60,-16 22 47.30,K,0.6870,0.0030,0.6990,0.0130,4.586,0.016,4090,200,*,ASAS J082552-1622.8
191,AY Cam,p,08 25 51.79,+77 13 06.85,A8V,1.9470,0.0410,2.7840,0.0200,3.838,0.011,7250,100,*,AY Cam
192,AY Cam,s,08 25 51.79,+77 13 06.85,F0V,1.7070,0.0360,2.0340,0.0150,4.054,0.011,7395,100,*,AY Cam
193,VV Pyx,p,08 27 33.27,-20 50 38.25,A1V,2.0970,0.0180,2.1690,0.0200,4.087,0.009,9500,200,*,VV Pyx
194,VV Pyx,s,08 27 33.27,-20 50 38.25,A1V,2.0940,0.0180,2.1690,0.2000,4.087,0.080,9500,200,***,VV Pyx
195,HD 71636,p,08 29 56.31,+37 04 15.48,F2V,1.5300,0.0090,1.5760,0.0090,4.228,0.006,6950,140,*,HD 71636
196,HD 71636,s,08 29 56.31,+37 04 15.48,F5V,1.2990,0.0070,1.3650,0.0080,4.282,0.006,6440,140,*,HD 71636
197,CU Cnc,p,08 31 37.58,+19 23 39.47,M3.5Ve,0.4270,0.0020,0.4330,0.0050,4.796,0.010,3160,150,*,CU Cnc
198,CU Cnc,s,08 31 37.58,+19 23 39.47,M3.5Ve,0.3940,0.0010,0.3920,0.0090,4.847,0.020,3125,150,*,CU Cnc
199,VZ Hya,p,08 31 41.41,-06 19 07.56,F5V,1.2710,0.0090,1.3150,0.0050,4.305,0.005,6645,150,*,VZ Hya
200,VZ Hya,s,08 31 41.41,-06 19 07.56,F7V,1.1460,0.0060,1.1130,0.0070,4.405,0.006,6290,150,*,VZ Hya
201,TZ Pyx,p,08 41 08.26,-32 12 03.02,A8/9V,2.0750,0.0400,2.3560,0.0330,4.011,0.015,7468,203,*,TZ Pyx
202,TZ Pyx,s,08 41 08.26,-32 12 03.02,A8/9V,2.0030,0.0790,2.0260,0.0310,4.127,0.022,7521,208,**,TZ Pyx
203,RS Cha,p,08 43 12.21,-79 04 12.29,A8V,1.8230,0.0120,2.1500,0.0600,4.034,0.024,7638,76,*,RS Cha
204,RS Cha,s,08 43 12.21,-79 04 12.29,A8V,1.7640,0.0120,2.3600,0.0600,3.939,0.022,7228,72,*,RS Cha
205,V467 Vel,p,08 43 49.80,-46 07 08.83,O6.5V(f),25.3000,0.7000,9.9900,0.0900,3.842,0.014,36200,,*,V467 Vel
206,V467 Vel,s,08 43 49.80,-46 07 08.83,,8.2500,0.1700,3.4900,0.0300,4.269,0.012,25260,80,*,V467 Vel
207,NSVS 02502726,p,08 44 11.04,+54 23 47.32,K3V,0.6890,0.0160,0.7070,0.0070,4.578,0.013,4295,200,*,NSVS 02502726
208,NSVS 02502726,s,08 44 11.04,+54 23 47.32,M2V,0.3410,0.0090,0.6570,0.0080,4.336,0.016,3812,200,2,NSVS 02502726
209,del Vel,p,08 44 42.23,-54 42 31.76,A1V,3.1910,0.0260,3.2090,0.0430,3.930,0.012,9450,,*,del Vel
210,del Vel,s,08 44 42.23,-54 42 31.76,A1V,2.9870,0.0260,2.7230,0.0540,4.043,0.018,9830,,*,del Vel
211,CV Vel,p,09 00 37.99,-51 33 20.06,B2.5V,6.0670,0.0110,4.0800,0.0300,4.000,0.006,18000,500,*,CV Vel
212,CV Vel,s,09 00 37.99,-51 33 20.06,B2.5V,5.9520,0.0110,3.9400,0.0300,4.022,0.007,17780,500,*,CV Vel
213,XY UMa,p,09 09 55.94,+54 29 17.71,G9V,1.0970,0.0730,1.1610,0.0200,4.349,0.033,5200,7,***,XY UMa
214,XY UMa,s,09 09 55.94,+54 29 17.71,K7V,0.6650,0.0310,0.6300,0.0100,4.662,0.024,4125,7,**,XY UMa
215,PT Vel,p,09 10 57.72,-43 16 02.93,A1V,2.1990,0.0160,2.0950,0.0200,4.138,0.009,9247,150,*,PT Vel
216,PT Vel,s,09 10 57.72,-43 16 02.93,A6V,1.6260,0.0090,1.5600,0.0200,4.263,0.011,7638,180,*,PT Vel
217,KW Hya,p,09 12 26.04,-07 06 35.38,A5Vm,1.9730,0.0360,2.1290,0.0150,4.077,0.010,8000,200,*,KW Hya
218,KW Hya,s,09 12 26.04,-07 06 35.38,F0-1V,1.4850,0.0170,1.4860,0.0220,4.266,0.014,6900,200,*,KW Hya
219,ASAS-09,p,09 38 13.51,-01 04 27.90,K,0.7580,0.0320,0.7690,0.0120,4.546,0.023,4360,150,**,ASAS J093813-0104.3
220,ASAS-09,s,09 38 13.51,-01 04 27.90,K,0.7610,0.0210,0.7660,0.0130,4.551,0.019,4360,150,*,ASAS J093813-0104.3
221,QX Car,p,09 54 33.88,-58 25 16.59,B3V,9.2460,0.1200,4.2930,0.0600,4.139,0.013,23800,500,*,QX Car
222,QX Car,s,09 54 33.88,-58 25 16.59,B3V,8.4600,0.1200,4.0530,0.0600,4.150,0.014,22600,500,*,QX Car
223,TYC 4896-1029-1,p,09 57 06.62,-01 20 38.31,,1.2900,0.0900,1.3500,0.0100,4.288,0.031,6440,,***,TYC 4896-1029-1
224,TYC 4896-1029-1,s,09 57 06.62,-01 20 38.31,,1.3300,0.0900,1.3600,0.0100,4.295,0.030,6160,195,***,TYC 4896-1029-1
225,HS Hya,p,10 24 36.77,-19 05 32.96,F4V,1.2550,0.0080,1.2780,0.0070,4.324,0.006,6500,50,*,HS Hya
226,HS Hya,s,10 24 36.77,-19 05 32.96,F4V,1.2190,0.0070,1.2200,0.0070,4.352,0.006,6400,50,*,HS Hya
227,ZZ UMa,p,10 30 03.19,+61 48 41.42,F8V,1.1790,0.0130,1.5180,0.0230,4.147,0.014,5903,60,*,ZZ UMa
228,ZZ UMa,s,10 30 03.19,+61 48 41.42,G6V,0.9600,0.0100,1.1580,0.0130,4.293,0.011,5097,60,*,ZZ UMa
229,MG1-646680,p,10 30 55.21,+03 34 26.57,M1V,0.4990,0.0020,0.4570,0.0050,4.817,0.010,3720,20,*,MOTESS-GNAT 646680
230,MG1-646680,s,10 30 55.21,+03 34 26.57,M2V,0.4440,0.0020,0.4270,0.0040,4.825,0.008,3630,20,*,MOTESS-GNAT 646680
231,UV Leo,p,10 38 20.77,+14 16 03.67,G0V,1.1260,0.0900,0.9580,0.0240,4.527,0.041,6129,67,***,UV Leo
232,UV Leo,s,10 38 20.77,+14 16 03.67,G2V,1.0800,0.0970,1.1970,0.0420,4.316,0.050,5741,59,***,UV Leo
233,RZ Cha,p,10 42 24.10,-82 02 14.19,F5V,1.5060,0.0350,2.2820,0.0200,3.900,0.013,6457,160,*,RZ Cha
234,RZ Cha,s,10 42 24.10,-82 02 14.19,F5V,1.5140,0.0400,2.2820,0.0200,3.902,0.014,6457,160,*,RZ Cha
235,DW Car,p,10 43 10.07,-60 02 11.74,B1V,11.3410,0.1200,4.5610,0.0450,4.175,0.010,27900,1000,*,DW Car
236,DW Car,s,10 43 10.07,-60 02 11.74,B1V,10.6260,0.1400,4.2990,0.0550,4.198,0.012,26500,1000,*,DW Car
237,UW LMi,p,10 43 30.20,+28 41 09.08,F8V,1.1560,0.0220,1.2690,0.0520,4.294,0.037,6500,250,**,UW LMi
238,UW LMi,s,10 43 30.20,+28 41 09.08,F8V,1.1360,0.0220,1.2480,0.0620,4.301,0.044,6500,250,**,UW LMi
239,chi02 Hya,p,11 05 57.57,-27 17 16.27,B8,3.6050,0.0800,4.4840,0.0410,3.692,0.012,11750,190,*,chi02 Hya
240,chi02 Hya,s,11 05 57.57,-27 17 16.27,B9,2.6320,0.0500,2.2060,0.0410,4.171,0.018,11100,230,*,chi02 Hya
241,EM Car,p,11 12 04.51,-61 05 42.93,O8V,22.8330,0.3190,9.3560,0.1700,3.855,0.017,34000,2000,*,EM Car
242,EM Car,s,11 12 04.51,-61 05 42.93,O8V,21.3760,0.3290,8.3450,0.1600,3.925,0.018,34000,2000,*,EM Car
243,LSPM J1112+7626,p,11 12 42.32,+76 26 56.40,M4V,0.3950,0.0020,0.3810,0.0050,4.873,0.012,3061,162,*,LSPM J1112+7626
244,LSPM J1112+7626,s,11 12 42.32,+76 26 56.40,M,0.2740,0.0010,0.3000,0.0050,4.922,0.015,2952,163,*,LSPM J1112+7626
245,FM Leo,p,11 12 45.09,+00 20 52.84,F9V,1.3180,0.0070,1.6490,0.0430,4.124,0.023,6316,240,*,FM Leo
246,FM Leo,s,11 12 45.09,+00 20 52.84,F9V,1.2870,0.0070,1.5120,0.0490,4.189,0.028,6190,211,**,FM Leo
247,V346 Cen,p,11 42 49.68,-62 26 05.40,B0.5IV,12.0000,0.0700,8.2480,0.0140,3.685,0.003,27141,,*,V346 Cen
248,V346 Cen,s,11 42 49.68,-62 26 05.40,B2V,8.4700,0.1000,4.1180,0.0150,4.137,0.006,25376,18,*,V346 Cen
249,MW UMa,p,11 43 02.28,+60 34 36.64,F6V,1.2570,0.0950,1.2580,0.0100,4.338,0.034,6514,130,***,MW UMa
250,MW UMa,s,11 43 02.28,+60 34 36.64,F9V,1.1240,0.0910,1.1380,0.0100,4.377,0.036,6112,22,***,MW UMa
251,EP Cru,p,12 37 16.75,-56 47 17.38,B5V,5.0200,0.1300,3.5900,0.0350,4.029,0.014,15700,500,*,EP Cru
252,EP Cru,s,12 37 16.75,-56 47 17.38,B5V,4.8300,0.1300,3.4950,0.0340,4.035,0.014,15400,500,*,EP Cru
253,VV Crv,p,12 41 15.95,-13 00 50.00,F5V,1.9780,0.0100,3.3750,0.0100,3.678,0.003,6500,200,*,VV Crv
254,VV Crv,s,12 41 15.95,-13 00 50.00,F5V,1.5130,0.0080,1.6500,0.0080,4.183,0.005,6638,200,*,VV Crv
255,IM Vir,p,12 49 38.70,-06 04 44.86,G7V,0.9810,0.0120,1.0620,0.0160,4.378,0.014,5570,100,*,IM Vir
256,IM Vir,s,12 49 38.70,-06 04 44.86,K7V,0.6640,0.0050,0.6810,0.0130,4.594,0.017,4250,130,*,IM Vir
257,HY Vir,p,13 08 29.92,-02 40 44.38,F0m,1.8380,0.0090,2.8300,0.0080,3.799,0.003,7870,,*,HY Vir
258,HY Vir,s,13 08 29.92,-02 40 44.38,F5V,1.4040,0.0060,1.5320,0.0080,4.215,0.005,6546,,*,HY Vir
259,eta Mus,p,13 15 14.94,-67 53 40.52,B8V,3.2830,0.0400,2.1400,0.0200,4.294,0.010,12700,100,*,eta Mus
260,eta Mus,s,13 15 14.94,-67 53 40.52,B8V,3.2820,0.0400,2.1300,0.0400,4.298,0.017,12550,300,*,eta Mus
261,SZ Cen,p,13 50 35.09,-58 29 57.11,A7V,2.2720,0.0250,4.5550,0.0230,3.478,0.006,8000,300,*,SZ Cen
262,SZ Cen,s,13 50 35.09,-58 29 57.11,A7V,2.3110,0.0210,3.6220,0.0210,3.684,0.006,8280,300,*,SZ Cen
263,V1200 Cen,p,13 52 17.51,-38 37 16.82,F5V,1.3940,0.0300,1.3900,0.1500,4.297,0.094,6266,94,***,V1200 Cen
264,V1200 Cen,s,13 52 17.51,-38 37 16.82,,0.8660,0.0150,1.1000,0.2500,4.293,0.198,4650,900,1,V1200 Cen
265,EPIC 212651213A,p,13 55 43.47,-09 25 05.83,,0.9400,0.0600,0.8600,0.1200,4.542,0.124,5475,200,***,EPIC 212651213
266,EPIC 212651213A,s,13 55 43.47,-09 25 05.83,,0.8900,0.0500,0.8000,0.0900,4.582,0.101,5250,200,***,EPIC 212651213
267,ZZ Boo,p,13 56 09.52,+25 55 07.36,F3V,1.6160,0.0100,2.1640,0.0700,3.976,0.028,6860,20,**,ZZ Boo
268,ZZ Boo,s,13 56 09.52,+25 55 07.36,F3V,1.5680,0.0100,2.1640,0.0700,3.963,0.028,6930,20,**,ZZ Boo
269,BH Vir,p,13 58 24.86,-01 39 38.95,F8V,1.1780,0.0180,1.2280,0.0500,4.331,0.036,6100,100,**,BH Vir
270,BH Vir,s,13 58 24.86,-01 39 38.95,G5V,1.0500,0.0150,1.1180,0.0400,4.363,0.032,5500,200,**,BH Vir
271,DM Vir,p,14 07 52.43,-11 09 07.49,F7V,1.4540,0.0080,1.7640,0.0170,4.108,0.009,6500,100,*,DM Vir
272,DM Vir,s,14 07 52.43,-11 09 07.49,F7V,1.4480,0.0080,1.7640,0.0170,4.106,0.009,6500,300,*,DM Vir
273,V636 Cen,p,14 16 57.91,-49 56 42.36,G1V,1.0520,0.0050,1.0240,0.0040,4.440,0.004,5900,85,*,V636 Cen
274,V636 Cen,s,14 16 57.91,-49 56 42.36,K2V,0.8540,0.0030,0.8350,0.0040,4.526,0.004,5000,100,*,V636 Cen
275,Psi Cen,p,14 20 33.43,-37 53 07.06,B9,3.1140,0.0160,3.6340,0.0070,3.811,0.003,10450,300,*,Psi Cen
276,Psi Cen,s,14 20 33.43,-37 53 07.06,A2,1.9090,0.0300,1.8110,0.0040,4.203,0.007,8800,300,*,Psi Cen
277,V1207 Cen,p,14 21 03.20,-32 53 13.26,,1.1320,0.0080,1.9200,0.0600,3.926,0.027,6340,230,2,V1207 Cen
278,V1207 Cen,s,14 21 03.20,-32 53 13.26,,1.1340,0.0130,3.0030,0.0260,3.538,0.009,5000,160,2,V1207 Cen
279,AD Boo,p,14 35 12.78,+24 38 21.35,F6V,1.4140,0.0090,1.6140,0.0140,4.173,0.008,6575,120,*,AD Boo
280,AD Boo,s,14 35 12.78,+24 38 21.35,G0V,1.2090,0.0060,1.2180,0.0100,4.349,0.007,6145,120,*,AD Boo
281,GG Lup,p,15 18 56.37,-40 47 17.60,B7V,4.1600,0.1200,2.4200,0.0500,4.290,0.022,13000,300,*,GG Lup
282,GG Lup,s,15 18 56.37,-40 47 17.60,B9V,2.6400,0.1200,1.7900,0.0400,4.354,0.028,10600,300,**,GG Lup
283,GU Boo,p,15 21 55.17,+33 56 04.20,M0,0.6090,0.0070,0.6280,0.0160,4.627,0.023,3920,130,*,GU Boo
284,GU Boo,s,15 21 55.17,+33 56 04.20,M1.5,0.5990,0.0060,0.6250,0.0200,4.624,0.028,3810,130,**,GU Boo
285,AQ Ser,p,15 22 15.18,+02 30 11.09,F5,1.3460,0.0240,2.2810,0.0140,3.851,0.009,6430,100,*,AQ Ser
286,AQ Ser,s,15 22 15.18,+02 30 11.09,F6,1.4170,0.0220,2.4510,0.0270,3.811,0.012,6340,100,*,AQ Ser
287,CV Boo,p,15 26 19.54,+36 58 53.43,G3V,1.0450,0.0130,1.2690,0.0230,4.251,0.017,5760,150,*,CV Boo
288,CV Boo,s,15 26 19.54,+36 58 53.43,G4V,0.9950,0.0120,1.1800,0.0230,4.292,0.018,5670,150,*,CV Boo
289,alpha CrB,p,15 34 41.27,+26 42 52.90,A0V,2.5810,0.0450,3.0590,0.3020,3.879,0.086,9700,200,***,alpha CrB
290,alpha CrB,s,15 34 41.27,+26 42 52.90,G5V,0.9220,0.0250,0.9060,0.0400,4.489,0.040,5800,300,**,alpha CrB
291,RT CrB,p,15 38 03.03,+29 29 13.95,G5IV,1.3440,0.0100,4.2560,0.0740,3.309,0.015,5134,100,2,RT CrB
292,RT CrB,s,15 38 03.03,+29 29 13.95,K0IV,1.3590,0.0090,3.7780,0.0640,3.417,0.015,5781,100,2,RT CrB
293,V335 Ser,p,15 59 05.76,+00 35 44.55,A1V,2.0290,0.0100,2.0390,0.0200,4.127,0.009,9506,289,*,V335 Ser
294,V335 Ser,s,15 59 05.76,+00 35 44.55,A3V,1.8440,0.0200,1.6070,0.0100,4.292,0.007,8872,248,*,V335 Ser
295,EPIC 205030103,p,15 59 50.51,-19 44 37.35,M4,0.3336,0.0022,0.8620,0.0120,4.091,0.012,3200,75,2,EPIC 205030103
296,EPIC 205030103,s,15 59 50.51,-19 44 37.35,M4,0.3200,0.0022,0.8520,0.0130,4.083,0.014,3200,75,2,EPIC 205030103
297,TV Nor,p,16 04 09.24,-51 32 39.99,A2-5V,2.0480,0.0220,1.8510,0.0120,4.215,0.007,9120,148,*,TV Nor
298,TV Nor,s,16 04 09.24,-51 32 39.99,A8-F0III,1.6610,0.0180,1.5600,0.0140,4.272,0.009,7798,108,*,TV Nor
299,EPIC 203710387,p,16 16 30.68,-25 12 20.17,M4.5-M5,0.1183,0.0028,0.4170,0.0100,4.271,0.023,2980,75,2,EPIC 203710387
300,EPIC 203710387,s,16 16 30.68,-25 12 20.17,M4.5-M5,0.1076,0.0031,0.4500,0.0120,4.164,0.026,2840,90,2,EPIC 203710387
301,EPIC 203868608,p,16 17 18.99,-24 37 18.66,M5V,0.0224,0.0005,0.2820,0.0050,3.888,0.018,2830,80,2,EPIC 203868608
302,EPIC 203868608,s,16 17 18.99,-24 37 18.66,M5V,0.0246,0.0010,0.2550,0.0040,4.016,0.022,2980,75,2,EPIC 203868608
303,V65-M4,p,16 23 28.39,-26 30 22.00,F,0.8035,0.0086,1.1470,0.0104,4.224,0.009,6088,108,GLB,[KTR2013] V65
304,V65-M4,s,16 23 28.39,-26 30 22.00,K,0.6050,0.0044,0.6110,0.0092,4.648,0.013,4812,125,GLB,[KTR2013] V65
305,V66-M4,p,16 23 32.23,-26 31 41.30,F,0.7842,0.0045,0.9347,0.0048,4.391,0.005,6162,98,GLB,[KTR2013] V66
306,V66-M4,s,16 23 32.23,-26 31 41.30,G,0.7443,0.0042,0.8298,0.0053,4.472,0.006,5938,105,GLB,[KTR2013] V66
307,V69-M4,p,16 23 58.01,-26 37 18.00,F,0.7665,0.0053,0.8655,0.0097,4.448,0.010,6084,121,GLB,[KTR2013] V69
308,V69-M4,s,16 23 58.01,-26 37 18.00,G,0.7278,0.0048,0.8074,0.0080,4.486,0.009,5915,137,GLB,[KTR2013] V69
309,V760 Sco,p,16 24 43.72,-34 53 37.53,B4V,4.9690,0.0900,3.0280,0.0600,4.172,0.019,16900,500,*,V760 Sco
310,V760 Sco,s,16 24 43.72,-34 53 37.53,B4V,4.6100,0.0700,2.6560,0.0500,4.254,0.018,16300,500,*,V760 Sco
311,CM Dra,p,16 34 20.41,+57 09 43.94,M4.5V,0.2310,0.0010,0.2530,0.0010,4.996,0.004,3130,70,*,CM Dra
312,CM Dra,s,16 34 20.41,+57 09 43.94,M54.5V,0.2140,0.0010,0.2390,0.0010,5.012,0.004,3120,70,*,CM Dra
313,V349 Ara,p,16 39 22.62,-60 57 42.00,A2,2.5900,0.0700,3.6000,0.0700,3.739,0.021,9074,200,*,V349 Ara
314,V349 Ara,s,16 39 22.62,-60 57 42.00,A5,2.5100,0.0600,4.1500,0.0700,3.602,0.018,8180,202,*,V349 Ara
315,2MASS J16502074+4639013,p,16 50 20.75,+46 39 01.40,M3Ve,0.4900,0.0030,0.9070,0.1200,4.213,0.115,3500,,2,2MASS J16502074+4639013
316,2MASS J16502074+4639013,s,16 50 20.75,+46 39 01.40,M3Ve,0.4860,0.0030,0.9050,0.1000,4.212,0.096,3395,,2,2MASS J16502074+4639013
317,V1292 Sco,p,16 53 55.56,-41 52 51.29,O9.5III,18.6000,0.3000,11.2000,1.1000,3.609,0.086,31900,900,***,V1292 Sco
318,V1292 Sco,s,16 53 55.56,-41 52 51.29,B1-2V-III,7.3000,0.1000,5.2000,2.7000,3.870,0.451,21800,4100,1,V1292 Sco
319,V1034 Sco,p,16 54 19.85,-41 50 09.40,O9V,17.9770,0.4500,7.4410,0.4490,3.950,0.054,34000,150,***,V1034 Sco
320,V1034 Sco,s,16 54 19.85,-41 50 09.40,B1-1.5V,9.9700,0.2200,5.3830,0.4290,3.975,0.070,26260,150,***,V1034 Sco
321,V2626 Oph,p,17 05 32.03,+10 32 47.29,A7V,1.7580,0.1300,3.2390,0.0810,3.663,0.039,7760,64,***,V2626 Oph
322,V2626 Oph,s,17 05 32.03,+10 32 47.29,F2V,1.2760,0.1100,1.2890,0.0330,4.324,0.044,7205,64,***,V2626 Oph
323,WZ Oph,p,17 06 39.04,+07 46 57.78,F8V,1.2270,0.0070,1.4010,0.0120,4.234,0.008,6165,100,*,WZ Oph
324,WZ Oph,s,17 06 39.04,+07 46 57.78,F8V,1.2200,0.0060,1.4190,0.0120,4.221,0.008,6115,100,*,WZ Oph
325,V2365 Oph,p,17 08 45.78,+09 11 10.14,A,1.9640,0.0170,2.1910,0.0090,4.050,0.005,9500,200,*,V2365 Oph
326,V2365 Oph,s,17 08 45.78,+09 11 10.14,G,1.0550,0.0100,0.9340,0.0040,4.521,0.006,6400,210,*,V2365 Oph
327,V2368 Oph,p,17 16 14.26,+02 11 10.33,A2,2.4170,0.0180,3.8570,0.0190,3.649,0.005,9300,200,*,V2368 Oph
328,V2368 Oph,s,17 16 14.26,+02 11 10.33,A2,2.5250,0.0650,3.7400,0.0190,3.695,0.012,9500,200,*,V2368 Oph
329,U Oph,p,17 16 31.72,+01 12 37.96,B5V,4.8310,0.0490,3.2440,0.0590,4.100,0.016,16900,1500,*,U Oph
330,U Oph,s,17 16 31.72,+01 12 37.96,B5V,4.2900,0.0380,2.9680,0.0490,4.126,0.015,16000,1500,*,U Oph
331,TX Her,p,17 18 36.45,+41 53 17.10,A5V,1.6070,0.0400,1.6880,0.0300,4.190,0.019,7534,200,*,TX Her
332,TX Her,s,17 18 36.45,+41 53 17.10,F0V,1.4410,0.0300,1.4280,0.0300,4.288,0.020,6678,211,*,TX Her
333,NGC 6362 SAW V41,p,17 31 35.40,-67 04 02.00,,0.8215,0.0058,1.0739,0.0048,4.291,0.005,6124,121,GLB,Cl* NGC 6362 SAW V41
334,NGC 6362 SAW V41,s,17 31 35.40,-67 04 02.00,,0.7280,0.0047,0.7307,0.0046,4.573,0.006,5747,122,GLB,Cl* NGC 6362 SAW V41
335,NGC 6362 SAW V40,p,17 32 04.10,-67 03 45.00,,0.8337,0.0063,1.3253,0.0077,4.115,0.006,6156,123,GLB,Cl* NGC 6362 SAW V40
336,NGC 6362 SAW V40,s,17 32 04.10,-67 03 45.00,,0.7947,0.0048,0.9970,0.0130,4.341,0.012,6100,158,GLB,Cl* NGC 6362 SAW V40
337,LV Her,p,17 35 32.40,+23 10 30.60,F9V,1.1920,0.0100,1.3580,0.0120,4.249,0.008,6060,150,*,LV Her
338,LV Her,s,17 35 32.40,+23 10 30.60,F9V,1.1690,0.0080,1.3130,0.0110,4.270,0.008,6030,150,*,LV Her
339,V501 Her,p,17 35 43.46,+30 38 35.10,G3,1.2689,0.0035,2.0016,0.0031,3.939,0.002,5683,100,*,V501 Her
340,V501 Her,s,17 35 43.46,+30 38 35.10,G3,1.2113,0.0032,1.5112,0.0027,4.163,0.002,5720,100,*,V501 Her
341,V624 Her,p,17 44 17.25,+14 24 36.24,A3Vm,2.2770,0.0140,3.0280,0.0300,3.833,0.009,8150,150,*,V624 Her
342,V624 Her,s,17 44 17.25,+14 24 36.24,A7V,1.8760,0.0130,2.2080,0.0300,4.024,0.012,7945,150,*,V624 Her
343,BD-00 3357,p,17 46 19.42,-00 18 38.10,F0V,1.7240,0.0400,1.7800,0.2000,4.174,0.098,7250,30,***,BD-00 3357
344,BD-00 3357,s,17 46 19.42,-00 18 38.10,F6.6V,1.3390,0.0300,1.3200,0.0700,4.324,0.047,6425,30,**,BD-00 3357
345,V539 Ara,p,17 50 28.39,-53 36 44.66,B3V,6.2650,0.0700,4.4360,0.1200,3.941,0.024,18200,1300,*,V539 Ara
346,V539 Ara,s,17 50 28.39,-53 36 44.66,B4V,5.3260,0.0600,3.7350,0.2500,4.020,0.058,16982,1215,***,V539 Ara
347,V2653 Oph,p,17 52 47.28,+03 47 38.77,F2V,1.5370,0.0210,2.2150,0.0550,3.934,0.022,6950,480,*,V2653 Oph
348,V2653 Oph,s,17 52 47.28,+03 47 38.77,F7V,1.2730,0.0190,2.0000,0.0560,3.941,0.025,6350,650,*,V2653 Oph
349,V906 Sco,p,17 53 54.77,-34 45 09.80,B9V,3.3700,0.0710,4.5250,0.0350,3.655,0.011,10400,500,*,V906 Sco
350,V906 Sco,s,17 53 54.77,-34 45 09.80,B9V,3.2460,0.0690,3.5180,0.0390,3.857,0.013,10700,500,*,V906 Sco
351,Z Her,p,17 58 06.98,+15 08 21.90,F5V,1.6110,0.0700,1.8590,0.0600,4.107,0.034,6397,75,**,Z Her
352,Z Her,s,17 58 06.98,+15 08 21.90,K0IV,1.3120,0.0300,2.7430,0.0800,3.680,0.027,4977,175,2,Z Her
353,V1647 Sgr,p,17 59 13.47,-36 56 19.84,A1V,2.1840,0.0400,1.9080,0.0210,4.216,0.012,9600,310,*,V1647 Sgr
354,V1647 Sgr,s,17 59 13.47,-36 56 19.84,A2V,1.9670,0.0300,1.7410,0.0210,4.251,0.012,9100,300,*,V1647 Sgr
355,V3903 Sgr,p,18 09 17.70,-23 59 18.22,O7V,27.2040,0.5490,8.1200,0.0860,4.054,0.013,38000,1900,*,V3903 Sgr
356,V3903 Sgr,s,18 09 17.70,-23 59 18.22,O9V,18.9640,0.4390,6.1490,0.0600,4.139,0.013,34100,1700,*,V3903 Sgr
357,2MASS J18251003,p,18 25 10.02,-24 35 24.17,,3.3530,0.0250,23.4400,2.9700,2.224,0.110,4830,97,2,2MASS J18251003-2435242
358,2MASS J18251003,s,18 25 10.02,-24 35 24.17,,3.3770,0.0240,15.2600,3.8900,2.600,0.221,4800,107,1,2MASS J18251003-2435242
359,V1980 Sgr,p,18 25 24.52,-25 10 40.18,K5,1.2270,0.0390,12.9700,0.9700,2.301,0.066,4783,82,2,V1980 Sgr
360,V1980 Sgr,s,18 25 24.52,-25 10 40.18,K5,1.2690,0.0400,12.7400,1.0600,2.331,0.074,4600,163,2,V1980 Sgr
361,EG Ser,p,18 26 02.20,-01 40 51.42,A1V,2.2000,0.0500,1.6890,0.0100,4.326,0.011,9900,200,*,EG Ser
362,EG Ser,s,18 26 02.20,-01 40 51.42,A1V,1.9900,0.0300,1.5490,0.0100,4.357,0.009,9100,200,*,EG Ser
363,TYC 1031 1262 1,p,18 26 11.50,+12 12 34.80,F8II,1.6400,0.1510,26.9000,0.9000,1.794,0.049,5880,200,2,TYC 1031 1262 1
364,TYC 1031 1262 1,s,18 26 11.50,+12 12 34.80,G6II,0.9340,0.1090,15.0000,0.7000,2.057,0.065,4890,125,2,TYC 1031 1262 1
365,V994 Her-B,p,18 27 45.89,+24 41 50.68,A2V,1.8680,0.1200,1.5830,0.0800,4.311,0.052,9000,250,***,ADS 11373 B
366,V994 Her-A,p,18 27 45.89,+24 41 50.67,B8V,2.8280,0.2000,2.1230,0.0490,4.236,0.037,12000,250,***,ADS 11373 A
367,V994 Her-B,s,18 27 45.89,+24 41 50.68,A4V,1.8590,0.1200,1.4930,0.0800,4.360,0.054,8450,70,***,ADS 11373 B
368,V994 Her-A,s,18 27 45.89,+24 41 50.67,A0V,2.2990,0.1600,1.6880,0.0390,4.345,0.036,9450,90,***,ADS 11373 A
369,V451 Oph,p,18 29 14.04,+10 53 31.44,B9,2.7690,0.0600,2.6460,0.0300,4.035,0.014,10800,800,*,V451 Oph
370,V451 Oph,s,18 29 14.04,+10 53 31.44,A0V,2.3510,0.0500,2.0320,0.0300,4.194,0.016,9800,500,*,V451 Oph
371,RX Her,p,18 30 39.26,+12 36 40.34,B9.5V,2.7480,0.0900,2.4580,0.1110,4.096,0.042,11100,,**,RX Her
372,RX Her,s,18 30 39.26,+12 36 40.34,A0V,2.3260,0.0640,1.9980,0.1110,4.204,0.050,10016,71,**,RX Her
373,V413 Ser,p,18 35 08.21,+00 02 34.82,B8V,3.6540,0.0500,3.2000,0.0500,3.991,0.015,11100,300,*,V413 Ser
374,V413 Ser,s,18 35 08.21,+00 02 34.82,B9V,3.3180,0.0400,2.9210,0.0500,4.028,0.016,10350,280,*,V413 Ser
375,HD 172189,p,18 38 37.55,+05 27 55.34,A5V,2.0600,0.1500,4.0170,0.0940,3.544,0.038,7920,15,***,HD 172189
376,HD 172189,s,18 38 37.55,+05 27 55.34,A6.5V,1.8690,0.1400,2.9690,0.0700,3.765,0.038,7608,15,***,HD 172189
377,QY Tel,p,18 40 29.10,-45 44 51.84,F6V,1.3200,0.0600,1.7400,0.1500,4.078,0.077,6550,200,***,QY Tel
378,QY Tel,s,18 40 29.10,-45 44 51.84,F6V,1.4400,0.0900,2.7000,0.1600,3.734,0.058,6294,201,***,QY Tel
379,V4403 Sgr,p,18 42 11.46,-34 02 25.00,F6,1.3300,0.0200,1.7400,0.0200,4.081,0.012,6517,150,*,V4403 Sgr
380,V4403 Sgr,s,18 42 11.46,-34 02 25.00,F7,1.5900,0.0300,2.5000,0.0300,3.844,0.013,6316,151,*,V4403 Sgr
381,CoRoT 105906206,p,18 43 16.95,+05 58 00.25,F3,2.2500,0.0400,4.2400,0.0200,3.536,0.009,6750,150,*,CoRoT 105906206
382,CoRoT 105906206,s,18 43 16.95,+05 58 00.25,,1.2900,0.0300,1.3400,0.0100,4.295,0.012,6152,162,*,CoRoT 105906206
383,V1331 Aql,p,18 44 12.79,-01 33 15.56,B1V,10.0790,0.1100,4.2530,0.0300,4.184,0.008,25400,100,*,V1331 Aql
384,V1331 Aql,s,18 44 12.79,-01 33 15.56,B1.5V,5.2820,0.1000,4.0430,0.0300,3.948,0.010,20100,140,*,V1331 Aql
385,YY Sgr,p,18 44 35.86,-19 23 22.71,B5V,3.8970,0.1300,2.5760,0.0300,4.207,0.018,14800,700,*,YY Sgr
386,YY Sgr,s,18 44 35.86,-19 23 22.71,B6V,3.4820,0.0900,2.3440,0.0500,4.240,0.022,14125,670,**,YY Sgr
387,ASASJ184949-1518.7,p,18 49 49.33,-15 18 44.94,,1.9100,0.0500,3.0000,0.7000,3.765,0.203,6630,320,1,ASASJ184949-1518.7
388,ASASJ184949-1518.7,s,18 49 49.33,-15 18 44.94,,2.1900,0.0400,9.0000,3.0000,2.870,0.290,4560,120,1,ASASJ184949-1518.7
389,BF Dra,p,18 50 59.35,+69 52 57.48,F6V,1.4130,0.0030,2.9990,0.0170,3.635,0.005,6360,150,2,BF Dra
390,BF Dra,s,18 50 59.35,+69 52 57.48,F6V,1.3740,0.0030,2.7630,0.0170,3.694,0.005,6400,150,2,BF Dra
391,KIC 7177553,p,18 52 02.91,+42 43 16.52,G2V,1.0430,0.0140,0.9400,0.0050,4.510,0.007,5800,130,*,KIC 7177553
392,KIC 7177553,s,18 52 02.91,+42 43 16.52,G2V,0.9860,0.0150,0.9410,0.0050,4.485,0.008,5740,140,*,KIC 7177553
393,BD+03 3821,p,18 52 40.31,+04 03 11.75,B8V,4.2610,0.1160,3.8300,0.0300,3.901,0.014,13140,1500,*,BD+03 3821
394,BD+03 3821,s,18 52 40.31,+04 03 11.75,B8V,2.8190,0.1140,2.0730,0.0200,4.255,0.019,12044,100,**,BD+03 3821
395,DI Her,p,18 53 26.24,+24 16 40.80,B4V,5.1730,0.1000,2.6790,0.0500,4.296,0.018,16980,800,*,DI Her
396,DI Her,s,18 53 26.24,+24 16 40.80,B5V,4.5240,0.0600,2.4790,0.0500,4.305,0.018,15135,715,*,DI Her
397,HP Dra,p,18 54 53.48,+51 18 29.79,F9V,1.0560,0.0050,1.3400,0.0120,4.208,0.008,6000,150,*,HP Dra
398,HP Dra,s,18 54 53.48,+51 18 29.79,F9V,1.0240,0.0070,1.0280,0.0100,4.425,0.009,5895,150,*,HP Dra
399,V1182 Aql,p,18 55 23.13,+09 20 48.08,O5.5V,31.0000,0.6000,9.0000,0.1800,4.021,0.019,43000,500,*,V1182 Aql
400,V1182 Aql,s,18 55 23.13,+09 20 48.08,O9.5V,16.6000,0.4000,4.8600,0.1800,4.285,0.034,30500,500,**,V1182 Aql
401,V1665 Aql,p,18 56 09.90,+07 56 08.21,B9V,3.9650,0.3990,4.1310,0.1000,3.804,0.048,12300,350,***,V1665 Aql
402,V1665 Aql,s,18 56 09.90,+07 56 08.21,B9V,3.6560,0.3700,2.6010,0.0600,4.171,0.048,11650,310,***,V1665 Aql
403,KIC 5738698,p,19 58 52.75,+40 54 14.26,F,1.3900,0.0400,1.8500,0.0200,4.047,0.016,6792,,*,KIC 5738698
404,KIC 5738698,s,19 58 52.75,+40 54 14.26,F,1.3400,0.0600,1.7100,0.0200,4.099,0.022,6739,51,**,KIC 5738698
405,TY Cra,p,19 01 40.83,-36 52 33.88,B9e,3.1100,0.0700,1.4600,0.1500,4.602,0.090,12000,500,2,TY Cra
406,TY Cra,s,19 01 40.83,-36 52 33.88,,1.6100,0.0200,2.3000,0.1400,3.922,0.053,4894,250,**,TY Cra
407,KIC 4544587,p,19 03 32.73,+39 41 00.31,,1.9800,0.0700,1.8200,0.0300,4.215,0.021,8600,100,**,KIC 4544587
408,KIC 4544587,s,19 03 32.73,+39 41 00.31,,1.6100,0.0600,1.5800,0.0300,4.248,0.023,7750,180,**,KIC 4544587
409,V805 Aql,p,19 06 18.20,-11 38 57.33,A2V,2.1140,0.0400,2.1220,0.1210,4.110,0.050,8185,330,**,V805 Aql
410,V805 Aql,s,19 06 18.20,-11 38 57.33,A7V,1.6280,0.0200,1.7600,0.1210,4.159,0.060,7178,300,***,V805 Aql
411,2MASS J19071662+4639532,p,19 07 16.62,+46 39 53.21,K5V,0.6790,0.0100,0.6340,0.0430,4.666,0.059,4150,,***,2MASS J19071662+4639532
412,2MASS J19071662+4639532,s,19 07 16.62,+46 39 53.21,M0V,0.5230,0.0060,0.5250,0.0520,4.717,0.086,3700,,***,2MASS J19071662+4639532
413,V526 Sgr,p,19 08 15.03,-31 20 54.94,B9.5V,2.2820,0.0460,1.8790,0.0130,4.249,0.011,10140,,*,V526 Sgr
414,V526 Sgr,s,19 08 15.03,-31 20 54.94,A2V,1.6870,0.0340,1.5580,0.0110,4.280,0.011,8567,9,*,V526 Sgr
415,FL Lyr,p,19 12 04.86,+46 19 26.87,F8V,1.2180,0.0160,1.2820,0.0300,4.308,0.021,6150,100,*,FL Lyr
416,FL Lyr,s,19 12 04.86,+46 19 26.87,G8V,0.9580,0.0110,0.9620,0.0300,4.453,0.028,5300,95,**,FL Lyr
417,TYC 3121-1659-1,p,19 19 04.38,+38 40 57.00,F3,1.3700,0.2300,1.6000,0.0900,4.167,0.088,6700,150,1,TYC 3121-1659-1
418,TYC 3121-1659-1,s,19 19 04.38,+38 40 57.00,M3,0.3200,0.0400,0.8600,0.0600,4.074,0.081,3170,150,2,TYC 3121-1659-1
419,KIC 3230227,p,19 20 27.03,+38 23 59.46,AV,1.8400,0.1800,2.0100,0.0900,4.097,0.058,8000,30,***,KIC 3230227
420,KIC 3230227,s,19 20 27.03,+38 23 59.46,AV,1.7300,0.1700,1.6800,0.0800,4.226,0.059,8177,30,***,KIC 3230227
421,V565 Lyr,p,19 20 49.10,+37 46 09.30,,0.9950,0.0030,1.1010,0.0070,4.353,0.006,5600,95,*,V565 Lyr
422,V565 Lyr,s,19 20 49.10,+37 46 09.30,,0.9290,0.0030,0.9710,0.0090,4.432,0.008,5430,125,*,V565 Lyr
423,V568 Lyr,p,19 20 54.30,+37 45 34.70,G5V,1.0886,0.0031,1.4203,0.0058,4.170,0.004,5645,95,*,V568 Lyr
424,V568 Lyr,s,19 20 54.30,+37 45 34.70,K3V,0.8292,0.0026,0.7997,0.0015,4.551,0.002,4734,80,*,V568 Lyr
425,V1430 Aql,p,19 21 48.49,+04 32 56.92,G2V,0.9570,0.0100,1.1010,0.0100,4.336,0.009,5262,150,*,V1430 Aql
426,V1430 Aql,s,19 21 48.49,+04 32 56.92,K4V,0.8590,0.0200,0.8510,0.0100,4.512,0.014,4930,100,*,V1430 Aql
427,UZ Dra,p,19 25 55.05,+68 56 07.15,F7V,1.3450,0.0200,1.3110,0.0300,4.332,0.021,6210,110,*,UZ Dra
428,UZ Dra,s,19 25 55.05,+68 56 07.15,G0V,1.2360,0.0200,1.1500,0.0200,4.409,0.017,5985,110,*,UZ Dra
429,V2080 Cyg,p,19 26 47.95,+50 08 43.77,F4V,1.1900,0.0170,1.5960,0.0080,4.108,0.008,6000,75,*,V2080 Cyg
430,V2080 Cyg,s,19 26 47.95,+50 08 43.77,F4V,1.1560,0.0170,1.5990,0.0080,4.094,0.008,5987,75,2,V2080 Cyg
431,V415 Aql,p,19 30 43.73,+13 40 20.78,F6,1.7980,0.1600,2.9720,0.9010,3.747,0.266,6590,,1,V415 Aql
432,V415 Aql,s,19 30 43.73,+13 40 20.78,F6,1.6760,0.1500,2.3410,0.8000,3.924,0.299,6050,,1,V415 Aql
433,V2083 Cyg,p,19 31 16.36,+47 28 52.24,A5,2.1590,0.1390,2.2930,0.1840,4.052,0.075,7630,,***,V2083 Cyg
434,V2083 Cyg,s,19 31 16.36,+47 28 52.24,A5,2.1050,0.1140,2.6500,0.2160,3.915,0.075,7623,45,***,V2083 Cyg
435,WTS 19e-3-08413,p,19 32 43.20,+36 36 53.50,M,0.4630,0.0250,0.4800,0.0220,4.741,0.046,3506,140,**,WTS 19e-3-08413
436,WTS 19e-3-08413,s,19 32 43.20,+36 36 53.50,M,0.3510,0.0190,0.3750,0.0200,4.836,0.052,3338,140,**,WTS 19e-3-08413
437,V885 Cyg,p,19 32 49.86,+30 01 17.03,A3Vm,2.0000,0.0290,2.4870,0.0130,3.948,0.008,8375,150,*,V885 Cyg
438,V885 Cyg,s,19 32 49.86,+30 01 17.03,A4mV,2.2280,0.0260,3.5910,0.0280,3.676,0.008,8150,150,*,V885 Cyg
439,V4089 Sgr,p,19 34 08.49,-40 02 04.70,A2-3IV,2.5840,0.0080,3.9590,0.0130,3.655,0.003,8433,97,*,V4089 Sgr
440,V4089 Sgr,s,19 34 08.49,-40 02 04.70,A7V,1.6070,0.0070,1.6050,0.0160,4.233,0.009,7361,105,*,V4089 Sgr
441,WTS 19b-2-01387,p,19 34 15.50,+36 28 27.30,M,0.4980,0.0190,0.4960,0.0130,4.745,0.028,3498,100,**,WTS 19b-2-01387
442,WTS 19b-2-01387,s,19 34 15.50,+36 28 27.30,M,0.4810,0.0170,0.4790,0.0130,4.760,0.028,3436,100,**,WTS 19b-2-01387
443,WTS 19c-3-01405,p,19 36 40.70,+36 42 46.00,M,0.4100,0.0230,0.3980,0.0190,4.851,0.048,3309,130,**,WTS 19c-3-01405
444,WTS 19c-3-01405,s,19 36 40.70,+36 42 46.00,M,0.3760,0.0240,0.3930,0.0190,4.825,0.050,3305,130,***,WTS 19c-3-01405
445,KIC 6131659,p,19 37 06.98,+41 26 12.86,,0.9220,0.0070,0.8800,0.0030,4.514,0.004,5660,140,*,KIC 6131659
446,KIC 6131659,s,19 37 06.98,+41 26 12.86,,0.6850,0.0050,0.6400,0.0060,4.662,0.009,4780,105,*,KIC 6131659
447,KIC 9777062,p,19 37 50.59,+46 35 23.15,,1.6030,0.0220,1.7440,0.0060,4.160,0.007,7700,250,*,KIC 9777062
448,KIC 9777062,s,19 37 50.59,+46 35 23.15,,1.4190,0.0110,1.5440,0.0040,4.213,0.004,7106,255,*,KIC 9777062
449,V1143 Cyg,p,19 38 41.18,+54 58 25.66,F5V,1.3880,0.0160,1.3470,0.0230,4.322,0.016,6460,100,*,V1143 Cyg
450,V1143 Cyg,s,19 38 41.18,+54 58 25.66,F5V,1.3440,0.0130,1.3240,0.0230,4.323,0.016,6400,100,*,V1143 Cyg
451,WOCS 24009,p,19 40 57.82,+40 09 27.40,,1.0890,0.0180,1.0990,0.0060,4.393,0.009,5925,,*,[HGM2009b] WOCS 24009
452,WOCS 24009,s,19 40 57.82,+40 09 27.40,,1.0760,0.0160,1.0690,0.0130,4.412,0.012,5855,,*,[HGM2009b] WOCS 24009
453,WOCS 40007,p,19 41 33.93,+40 13 00.37,,1.2360,0.0200,1.3990,0.0070,4.239,0.008,6350,150,*,[HGM2009b] WOCS 40007
454,WOCS 40007,s,19 41 33.93,+40 13 00.37,,1.0860,0.0180,1.0980,0.0040,4.393,0.008,5930,150,*,[HGM2009b] WOCS 40007
455,V541 Cyg,p,19 42 29.45,+31 19 40.20,B9.5V,2.3350,0.0170,1.8590,0.0120,4.268,0.006,10650,200,*,V541 Cyg
456,V541 Cyg,s,19 42 29.45,+31 19 40.20,B9.5V,2.2600,0.0160,1.8080,0.0150,4.278,0.008,10350,200,*,V541 Cyg
457,V380 Cyg,p,19 50 37.33,+40 35 59.13,B1.5 II-III,11.4300,0.1900,15.7100,0.1300,3.104,0.010,21700,300,2,V380 Cyg
458,V380 Cyg,s,19 50 37.33,+40 35 59.13,B2V,7.0000,0.1400,3.8190,0.0480,4.120,0.014,22700,1200,*,V380 Cyg
459,KIC 10935310,p,19 51 39.82,+48 19 55.38,G6,0.6800,0.0450,0.7990,0.0170,4.466,0.034,5560,160,3,KIC 10935310
460,KIC 10935310,s,19 51 39.82,+48 19 55.38,M3V,0.3760,0.0170,0.3475,0.0081,4.932,0.028,3460,210,**,KIC 10935310
461,HD 187669,p,19 52 22.08,-32 33 39.70,K0-0.5III,1.5040,0.0040,11.3300,0.2800,2.507,0.021,4650,80,2,HD 187669
462,HD 187669,s,19 52 22.08,-32 33 39.70,K2.5III,1.5050,0.0040,22.6200,0.5000,1.907,0.019,4330,70,2,HD 187669
463,Kepler 1647B,p,19 52 36.02,+40 39 22.20,,1.2210,0.0110,1.7900,0.0060,4.019,0.005,6210,100,2,Kepler 1647B
464,Kepler 1647B,s,19 52 36.02,+40 39 22.20,,0.9680,0.0040,0.9660,0.0060,4.454,0.005,5770,125,*,Kepler 1647B
465,V2094 Cyg,p,19 55 12.05,+46 39 56.03,A5,1.7900,0.1100,2.4700,0.0700,3.906,0.036,7250,480,***,V2094 Cyg
466,V2094 Cyg,s,19 55 12.05,+46 39 56.03,G5,0.8300,0.1200,0.6700,0.0500,4.705,0.090,5050,650,***,V2094 Cyg
467,KIC 9851944,p,19 56 09.73,+46 39 40.19,,1.7600,0.0700,2.2700,0.0300,3.972,0.021,7026,100,**,KIC 9851944
468,KIC 9851944,s,19 56 09.73,+46 39 40.19,,1.7900,0.0700,3.1900,0.0400,3.684,0.020,6902,100,**,KIC 9851944
469,BS Dra,p,19 56 28.77,+73 36 57.52,F5V,1.3600,0.0830,1.4420,0.0220,4.254,0.030,6618,153,***,BS Dra
470,BS Dra,s,19 56 28.77,+73 36 57.52,F5V,1.3580,0.0980,1.4230,0.0720,4.265,0.054,6626,153,***,BS Dra
471,V477 Cyg,p,20 05 27.69,+31 58 18.11,A3V,1.7720,0.1190,1.5800,0.0500,4.289,0.040,8700,300,***,V477 Cyg
472,V477 Cyg,s,20 05 27.69,+31 58 18.11,F2V,1.3290,0.0690,1.2780,0.0400,4.349,0.035,6700,235,**,V477 Cyg
473,V453 Cyg,p,20 06 34.97,+35 44 26.28,B0.4IV,14.3770,0.2000,8.5640,0.0550,3.731,0.008,26600,500,*,V453 Cyg
474,V453 Cyg,s,20 06 34.97,+35 44 26.28,B0.7IV,11.1190,0.1300,5.4970,0.0630,4.004,0.011,25500,800,*,V453 Cyg
475,V2107 Cyg,p,20 08 45.77,+37 14 13.36,B1III,8.9000,2.0000,7.4000,0.6000,3.649,0.120,22500,1500,1,V2107 Cyg
476,V2107 Cyg,s,20 08 45.77,+37 14 13.36,,4.5000,1.3000,2.4000,0.3000,4.331,0.166,15200,1600,1,V2107 Cyg
477,MG1-1819499,p,20 11 51.40,+03 37 20.00,M1.1,0.5570,0.0010,0.5190,0.0110,4.754,0.018,3690,80,*,MOTESS-GNAT 1819499
478,MG1-1819499,s,20 11 51.40,+03 37 20.00,M1.1,0.5350,0.0010,0.4560,0.0070,4.849,0.013,3610,80,*,MOTESS-GNAT 1819499
479,TYC 4589-2999-1,p,20 15 00.23,+76 54 18.31,G1.5V,1.8150,0.1010,2.0110,0.0400,4.090,0.030,5830,40,**,TYC 4589-2999-1
480,TYC 4589-2999-1,s,20 15 00.23,+76 54 18.31,K4V,0.8380,0.1050,0.8460,0.0200,4.507,0.058,4616,116,***,TYC 4589-2999-1
481,TYC 3576-2035-1,p,20 15 21.94,+48 17 14.14,F8IV-V,1.0590,0.0320,1.9890,0.0220,3.866,0.016,6250,100,2,TYC 3576-2035-1
482,TYC 3576-2035-1,s,20 15 21.94,+48 17 14.14,M4V,0.3420,0.0170,0.4570,0.0130,4.653,0.033,2940,120,2,TYC 3576-2035-1
483,V478 Cyg,p,20 19 38.75,+38 20 09.20,O9.5V,16.6280,0.9020,7.4780,0.1210,3.912,0.027,30550,1070,**,V478 Cyg
484,V478 Cyg,s,20 19 38.75,+38 20 09.20,O9.5V,16.2770,0.8990,7.4780,0.1210,3.902,0.028,30550,1070,**,V478 Cyg
485,MY Cyg,p,20 20 03.39,+33 56 35.02,A7 m,1.8050,0.0300,2.2150,0.0200,4.004,0.011,7050,200,*,MY Cyg
486,MY Cyg,s,20 20 03.39,+33 56 35.02,A5 m,1.7940,0.0300,2.2750,0.0200,3.978,0.011,7000,200,*,MY Cyg
487,V399 Vul,p,20 25 10.80,+21 29 18.84,B3IV-V,7.5500,0.0800,6.4980,0.0330,3.691,0.006,19000,320,*,V399 Vul
488,V399 Vul,s,20 25 10.80,+21 29 18.84,B4V,5.4400,0.0300,3.5060,0.0890,4.084,0.022,18250,520,*,V399 Vul
489,BP Vul,p,20 25 33.25,+21 02 17.97,A7mV,1.7370,0.0150,1.8530,0.0140,4.142,0.008,7709,150,*,BP Vul
490,BP Vul,s,20 25 33.25,+21 02 17.97,F2mV,1.4080,0.0090,1.4890,0.0140,4.241,0.009,6823,150,*,BP Vul
491,V443 Cyg,p,20 27 45.64,+38 41 23.81,F2/3V,1.2000,0.2000,1.3000,0.2000,4.290,0.152,6700,350,1,V443 Cyg
492,V443 Cyg,s,20 27 45.64,+38 41 23.81,F8V,1.1000,0.3000,1.1000,0.2000,4.397,0.197,6200,550,1,V443 Cyg
493,V442 Cyg,p,20 27 52.30,+30 47 28.30,F1V,1.5600,0.0200,2.0720,0.0300,3.999,0.014,6900,82,*,V442 Cyg
494,V442 Cyg,s,20 27 52.30,+30 47 28.30,F2V,1.4070,0.0200,1.6620,0.0300,4.145,0.017,6808,79,*,V442 Cyg
495,MP Del,p,20 28 26.57,+11 43 14.52,A7V,1.5590,0.0850,2.4290,0.0460,3.860,0.029,7400,120,**,MP Del
496,MP Del,s,20 28 26.57,+11 43 14.52,F3V,1.2480,0.0740,1.5760,0.0300,4.139,0.031,6927,120,**,MP Del
497,V456 Cyg,p,20 28 50.84,+39 09 13.69,A7V,1.8600,0.0600,1.6800,0.0200,4.257,0.017,7750,100,**,V456 Cyg
498,V456 Cyg,s,20 28 50.84,+39 09 13.69,F3V,1.5800,0.0500,1.4700,0.0200,4.302,0.018,6755,400,**,V456 Cyg
499,MR Del,p,20 31 13.47,+05 13 08.50,K2V,0.6860,0.0650,0.6490,0.0200,4.650,0.049,4900,,***,MR Del
500,MR Del,s,20 31 13.47,+05 13 08.50,K6V,0.6280,0.0640,0.8290,0.0200,4.399,0.049,4400,20,2,MR Del
501,MT91 372,p,20 32 58.92,+41 04 30.00,B1V,13.0000,0.7000,4.9400,0.0400,4.165,0.024,24000,3000,**,MT91 372
502,MT91 372,s,20 32 58.92,+41 04 30.00,B5V,5.7000,0.4000,3.3400,0.0600,4.147,0.034,16600,2300,***,MT91 372
503,MT91 696,p,20 33 59.53,+41 17 35.48,O9.5,15.0000,0.2000,6.3600,0.0300,4.008,0.007,32000,600,*,MT91 696
504,MT91 696,s,20 33 59.53,+41 17 35.48,B0.5V,12.1000,0.8000,5.7200,0.0200,4.006,0.029,30940,1050,***,MT91 696
505,IO Aqr,p,20 40 45.47,+00 56 21.02,F5V-IV,1.5690,0.0040,2.1910,0.0150,3.953,0.006,6475,138,*,IO Aqr
506,IO Aqr,s,20 40 45.47,+00 56 21.02,F6V-IV,1.6550,0.0040,2.4930,0.0170,3.864,0.006,6336,125,*,IO Aqr
507,V379 Cep,p,20 43 13.38,+57 06 50.39,,10.8730,0.2370,7.9860,0.1210,3.670,0.016,22025,428,*,V379 Cep
508,V379 Cep,s,20 43 13.38,+57 06 50.39,,6.2330,0.1330,3.0700,0.0400,4.259,0.015,20206,374,*,V379 Cep
509,Y Cyg,p,20 52 03.58,+34 39 27.47,O9.5,17.7200,0.3500,5.7850,0.0910,4.162,0.016,33200,200,*,Y Cyg
510,Y Cyg,s,20 52 03.58,+34 39 27.47,O9.5V,17.7300,0.3000,5.8160,0.0630,4.158,0.012,33521,40,*,Y Cyg
511,CG Cyg,p,20 58 13.45,+35 10 29.66,G9V,0.9480,0.0120,0.8960,0.0130,4.511,0.014,5260,185,*,CG Cyg
512,CG Cyg,s,20 58 13.45,+35 10 29.66,K3V,0.8210,0.0130,0.8460,0.0140,4.498,0.016,4720,66,*,CG Cyg
513,ER Vul,p,21 02 25.91,+27 48 26.44,F9V,1.0930,0.0700,1.1610,0.0600,4.347,0.053,6000,52,***,ER Vul
514,ER Vul,s,21 02 25.91,+27 48 26.44,G9V,1.0550,0.0600,1.1810,0.1400,4.317,0.106,5883,52,***,ER Vul
515,V1061 Cyg,p,21 07 20.52,+52 02 58.42,F9V,1.2810,0.0150,1.6160,0.0170,4.129,0.010,6180,100,*,V1061 Cyg
516,V1061 Cyg,s,21 07 20.52,+52 02 58.42,G8V,0.9310,0.0070,0.9740,0.0200,4.430,0.018,5300,150,*,V1061 Cyg
517,EI Cep,p,21 28 28.21,+76 24 12.59,F3IV,1.7720,0.0070,2.8980,0.0480,3.763,0.014,6750,100,*,EI Cep
518,EI Cep,s,21 28 28.21,+76 24 12.59,F1V,1.6800,0.0060,2.3300,0.0440,3.929,0.016,6950,100,*,EI Cep
519,ASAS-21,p,21 29 54.00,-56 20 03.87,K,0.8390,0.0170,0.8470,0.0120,4.506,0.015,4750,150,*,ASAS J212953-5619.8
520,ASAS-21,s,21 29 54.00,-56 20 03.87,K,0.7140,0.0130,0.7200,0.0170,4.577,0.022,4220,180,*,ASAS J212953-5619.8
521,EE Peg,p,21 40 01.88,+09 11 05.11,A3mV,2.1510,0.0200,2.1030,0.0300,4.125,0.013,8700,200,*,EE Peg
522,EE Peg,s,21 40 01.88,+09 11 05.11,F5V,1.3320,0.0100,1.3210,0.0100,4.321,0.007,6450,300,*,EE Peg
523,EK Cep,p,21 41 21.51,+69 41 34.11,A2V,2.0240,0.0200,1.5790,0.0150,4.348,0.009,9000,200,*,EK Cep
524,EK Cep,s,21 41 21.51,+69 41 34.11,G5Vp,1.1220,0.0100,1.3150,0.0150,4.250,0.011,5700,190,*,EK Cep
525,OO Peg,p,21 41 37.70,+14 39 30.75,A7V,1.8200,0.0200,2.2100,0.0100,4.010,0.006,7850,350,*,OO Peg
526,OO Peg,s,21 41 37.70,+14 39 30.75,A8V,1.7700,0.0200,1.9600,0.0100,4.102,0.007,7600,450,*,OO Peg
527,NGC 7142 V2,p,21 44 29.62,+65 48 43.90,,1.3770,0.0090,1.6160,0.0050,4.160,0.004,6238,52,*,[SSS2011b] V2
528,NGC 7142 V2,s,21 44 29.62,+65 48 43.90,,1.3770,0.0090,1.6130,0.0050,4.162,0.004,6276,63,*,[SSS2011b] V2
529,V375 Cep,p,21 44 54.74,+65 43 55.30,,1.2880,0.0170,1.6230,0.0060,4.128,0.007,6230,50,*,V375 Cep
530,V375 Cep,s,21 44 54.74,+65 43 55.30,,0.8710,0.0080,0.8970,0.0030,4.473,0.005,5151,50,*,V375 Cep
531,VZ Cep,p,21 50 11.14,+71 26 38.30,F3V,1.3760,0.0270,1.6220,0.0190,4.157,0.013,6700,,*,VZ Cep
532,VZ Cep,s,21 50 11.14,+71 26 38.30,G4V,1.0730,0.0230,0.9340,0.0250,4.528,0.025,5630,30,*,VZ Cep
533,V497 Cep,p,21 53 26.55,+62 35 13.16,B3V,6.4730,0.4320,3.7130,0.0300,4.110,0.030,19500,400,***,V497 Cep
534,V497 Cep,s,21 53 26.55,+62 35 13.16,B5V,5.0000,0.3710,2.9380,0.0300,4.201,0.033,17756,405,***,V497 Cep
535,BG Ind,p,21 58 30.08,-59 00 43.71,F3V,1.5020,0.0080,2.3260,0.0170,3.882,0.007,6353,270,*,BG Ind
536,BG Ind,s,21 58 30.08,-59 00 43.71,F5V,1.3430,0.0080,1.7060,0.0390,4.102,0.020,6653,233,*,BG Ind
537,CM Lac,p,22 00 04.45,+44 33 07.74,A2V,1.9710,0.0600,1.5090,0.0300,4.376,0.022,8700,300,**,CM Lac
538,CM Lac,s,22 00 04.45,+44 33 07.74,A8V,1.5030,0.1000,1.5490,0.0300,4.235,0.033,7034,270,***,CM Lac
539,V398 Lac,p,22 07 12.41,+52 38 08.46,B9V,3.8340,0.3500,4.8930,0.1800,3.643,0.051,11000,500,***,V398 Lac
540,V398 Lac,s,22 07 12.41,+52 38 08.46,B9V,3.2910,0.3200,2.4520,0.1100,4.177,0.057,10900,450,***,V398 Lac
541,BW Aqr,p,22 23 15.93,-15 19 56.22,F7?,1.4790,0.0200,2.0570,0.0400,3.982,0.018,6350,100,*,BW Aqr
542,BW Aqr,s,22 23 15.93,-15 19 56.22,F8IV?,1.3770,0.0200,1.7880,0.0400,4.073,0.020,6450,100,*,BW Aqr
543,WX Cep,p,22 31 15.78,+63 31 21.55,A5V,2.3240,0.0460,3.9970,0.0300,3.601,0.011,8150,225,*,WX Cep
544,WX Cep,s,22 31 15.78,+63 31 21.55,A2V,2.5330,0.0490,2.7080,0.0250,3.977,0.012,8872,250,*,WX Cep
545,LL Aqr,p,22 34 42.15,-03 35 58.17,F9V,1.1950,0.0010,1.3210,0.0060,4.274,0.004,6080,45,*,LL Aqr
546,LL Aqr,s,22 34 42.15,-03 35 58.17,G3V,1.0340,0.0010,1.0020,0.0050,4.451,0.004,5703,50,*,LL Aqr
547,RW Lac,p,22 44 57.10,+49 39 27.57,G5V,0.9280,0.0060,1.1930,0.0040,4.253,0.004,5760,100,*,RW Lac
548,RW Lac,s,22 44 57.10,+49 39 27.57,F7V,0.8700,0.0040,0.9700,0.0040,4.404,0.004,5560,150,*,RW Lac
549,AH Cep,p,22 47 52.94,+65 03 43.80,B0.5V,15.5650,0.2020,6.3850,0.1100,4.020,0.016,29900,1000,*,AH Cep
550,AH Cep,s,22 47 52.94,+65 03 43.80,B0.5V,13.7140,0.2020,5.8640,0.1300,4.039,0.020,28600,1000,*,AH Cep
551,V364 Lac,p,22 52 14.81,+38 44 44.64,A8Vm,2.3340,0.0150,3.3080,0.0380,3.767,0.010,8250,150,*,V364 Lac
552,V364 Lac,s,22 52 14.81,+38 44 44.64,A1Vm,2.2960,0.0250,2.9860,0.0350,3.849,0.011,8500,150,*,V364 Lac
553,V453 Cep,p,22 52 45.80,+60 54 58.61,B9V,2.5750,0.0500,2.1120,0.2010,4.200,0.083,10300,500,***,V453 Cep
554,V453 Cep,s,22 52 45.80,+60 54 58.61,B9V,2.4780,0.0500,2.0110,0.2010,4.226,0.087,10400,500,***,V453 Cep
555,NY Cep,p,22 58 39.80,+63 04 37.73,B0.5V,13.1520,1.0120,6.8430,0.7040,3.887,0.095,28500,1000,***,NY Cep
556,NY Cep,s,22 58 39.80,+63 04 37.73,B2V,9.3230,1.0360,5.4340,0.5030,3.938,0.094,23100,1000,***,NY Cep
557,EF Aqr,p,23 01 19.09,-06 26 15.35,G0V,1.2440,0.0080,1.3380,0.0120,4.280,0.008,6150,65,*,EF Aqr
558,EF Aqr,s,23 01 19.09,-06 26 15.35,GV,0.9460,0.0060,0.9560,0.0120,4.453,0.011,5185,110,*,EF Aqr
559,CW Cep,p,23 04 02.22,+63 23 48.76,B0.5V,11.7970,0.1400,5.5240,0.1210,4.026,0.020,28300,1000,*,CW Cep
560,CW Cep,s,23 04 02.22,+63 23 48.76,B0.5V,11.0670,0.1400,5.0300,0.1210,4.079,0.022,27700,1000,*,CW Cep
561,PV Cas,p,23 10 02.58,+59 12 06.15,B9.5V,2.7570,0.0600,2.2570,0.0160,4.172,0.011,10188,250,*,PV Cas
562,PV Cas,s,23 10 02.58,+59 12 06.15,B9.5V,2.8160,0.0500,2.2980,0.0210,4.165,0.011,10205,250,*,PV Cas
563,RT And,p,23 11 10.10,+53 01 33.04,F8V,1.2400,0.0300,1.2680,0.0150,4.326,0.015,6095,214,*,RT And
564,RT And,s,23 11 10.10,+53 01 33.04,K3V,0.9070,0.0200,0.9060,0.0130,4.482,0.016,4732,110,*,RT And
565,V396 Cas,p,23 13 35.98,+56 44 17.20,A1V,2.3970,0.0220,2.5920,0.0130,3.991,0.006,9225,150,*,V396 Cas
566,V396 Cas,s,23 13 35.98,+56 44 17.20,A3V,1.9010,0.0160,1.7790,0.0100,4.217,0.006,8550,120,*,V396 Cas
567,MG1-2056316,p,23 14 38.16,+03 39 49.33,M2V,0.4690,0.0020,0.4410,0.0020,4.821,0.004,3460,180,*,MOTESS-GNAT 2056316
568,MG1-2056316,s,23 14 38.16,+03 39 49.33,M3V,0.3830,0.0010,0.3740,0.0020,4.876,0.005,3320,180,*,MOTESS-GNAT 2056316
569,NSVS 11868841,p,23 17 57.56,+19 17 02.86,G9,0.8860,0.0350,1.0100,0.0300,4.377,0.031,5250,,**,NSVS 11868841
570,NSVS 11868841,s,23 17 57.56,+19 17 02.86,G9,0.6160,0.0240,0.9600,0.0200,4.263,0.025,5055,4,2,NSVS 11868841
571,AR Cas,p,23 30 01.94,+58 32 56.11,B4V,5.9020,0.2000,5.0640,0.0600,3.800,0.018,17200,500,**,AR Cas
572,AR Cas,s,23 30 01.94,+58 32 56.11,A6V,1.8690,0.0600,1.6040,0.0300,4.300,0.021,8150,200,**,AR Cas
573,BQ Aqr,p,23 36 08.93,-16 28 08.27,,1.4900,0.0400,2.0720,0.1400,3.979,0.060,6390,230,***,BQ Aqr
574,BQ Aqr,s,23 36 08.93,-16 28 08.27,K0III,1.5880,0.2100,6.5300,0.2800,3.009,0.068,4490,230,2,BQ Aqr
575,V731 Cep,p,23 37 43.55,+64 18 11.20,B8.5V,2.5770,0.0980,1.8230,0.0300,4.328,0.022,10700,200,**,V731 Cep
576,V731 Cep,s,23 37 43.55,+64 18 11.20,A1.5V,2.0170,0.0840,1.7170,0.0250,4.274,0.022,9265,220,**,V731 Cep
577,IT Cas,p,23 42 01.40,+51 44 36.80,F6V,1.3300,0.0090,1.6030,0.0150,4.152,0.009,6470,110,*,IT Cas
578,IT Cas,s,23 42 01.40,+51 44 36.80,F6V,1.3280,0.0080,1.5690,0.0400,4.170,0.022,6470,110,*,IT Cas
579,BK Peg,p,23 47 08.46,+26 33 59.92,F8,1.4140,0.0070,1.9850,0.0080,3.993,0.004,6265,85,*,BK Peg
580,BK Peg,s,23 47 08.46,+26 33 59.92,F8,1.2570,0.0050,1.4720,0.0170,4.202,0.010,6320,30,*,BK Peg
581,AP And,p,23 49 30.71,+45 47 21.25,F6,1.2770,0.0044,1.2335,0.0062,4.362,0.005,6565,150,*,AP And
582,AP And,s,23 49 30.71,+45 47 21.25,F8,1.2510,0.0042,1.1954,0.0053,4.381,0.004,6495,150,*,AP And
583,AL Scl,p,23 55 16.58,-31 55 17.28,B6V,3.6170,0.1100,3.2410,0.0500,3.975,0.019,13550,350,**,AL Scl
584,AL Scl,s,23 55 16.58,-31 55 17.28,B9V,1.7030,0.0400,1.4010,0.0200,4.377,0.016,10300,360,*,AL Scl
585,V821 Cas,p,23 58 49.17,+53 40 19.82,A1.5V,2.0250,0.0660,2.3080,0.0280,4.018,0.018,9400,400,**,V821 Cas
586,V821 Cas,s,23 58 49.17,+53 40 19.82,A4Vm,1.6200,0.0580,1.3900,0.0220,4.362,0.021,8600,400,**,V821 Cas
